<annotation>
	<folder></folder>
	<filename>0_jpg.rf.8d9893ef30956922c159dc76658717a9.jpg</filename>
	<path>0_jpg.rf.8d9893ef30956922c159dc76658717a9.jpg</path>
	<source>
		<database>roboflow.com</database>
	</source>
	<size>
		<width>416</width>
		<height>416</height>
		<depth>3</depth>
	</size>
	<segmented>0</segmented>
	<object>
		<name>red-card</name>
		<pose>Unspecified</pose>
		<truncated>0</truncated>
		<difficult>0</difficult>
		<occluded>0</occluded>
		<bndbox>
			<xmin>193</xmin>
			<xmax>242</xmax>
			<ymin>19</ymin>
			<ymax>153</ymax>
		</bndbox>
	</object>
</annotation>
