<annotation>
	<folder></folder>
	<filename>0_jpg.rf.c45c4280d615d281c0435cdbfdc9fbe4.jpg</filename>
	<path>0_jpg.rf.c45c4280d615d281c0435cdbfdc9fbe4.jpg</path>
	<source>
		<database>roboflow.com</database>
	</source>
	<size>
		<width>416</width>
		<height>416</height>
		<depth>3</depth>
	</size>
	<segmented>0</segmented>
	<object>
		<name>yellow-card</name>
		<pose>Unspecified</pose>
		<truncated>0</truncated>
		<difficult>0</difficult>
		<occluded>0</occluded>
		<bndbox>
			<xmin>139</xmin>
			<xmax>167</xmax>
			<ymin>10</ymin>
			<ymax>79</ymax>
		</bndbox>
	</object>
</annotation>
