<annotation>
	<folder></folder>
	<filename>0_jpg.rf.c0cf8f18fac51bb566c95f9ba0c06407.jpg</filename>
	<path>0_jpg.rf.c0cf8f18fac51bb566c95f9ba0c06407.jpg</path>
	<source>
		<database>roboflow.com</database>
	</source>
	<size>
		<width>416</width>
		<height>416</height>
		<depth>3</depth>
	</size>
	<segmented>0</segmented>
	<object>
		<name>free-kick</name>
		<pose>Unspecified</pose>
		<truncated>0</truncated>
		<difficult>0</difficult>
		<occluded>0</occluded>
		<bndbox>
			<xmin>210</xmin>
			<xmax>412</xmax>
			<ymin>38</ymin>
			<ymax>348</ymax>
		</bndbox>
	</object>
</annotation>
