<annotation>
	<folder></folder>
	<filename>0_jpg.rf.33e05d3345e94d24169edb43229a8ea2.jpg</filename>
	<path>0_jpg.rf.33e05d3345e94d24169edb43229a8ea2.jpg</path>
	<source>
		<database>roboflow.com</database>
	</source>
	<size>
		<width>416</width>
		<height>416</height>
		<depth>3</depth>
	</size>
	<segmented>0</segmented>
	<object>
		<name>substitution</name>
		<pose>Unspecified</pose>
		<truncated>0</truncated>
		<difficult>0</difficult>
		<occluded>0</occluded>
		<bndbox>
			<xmin>140</xmin>
			<xmax>264</xmax>
			<ymin>64</ymin>
			<ymax>151</ymax>
		</bndbox>
	</object>
</annotation>
