<annotation>
	<folder></folder>
	<filename>10_jpg.rf.e29ceaa699e062b023738d85125f15b6.jpg</filename>
	<path>10_jpg.rf.e29ceaa699e062b023738d85125f15b6.jpg</path>
	<source>
		<database>roboflow.com</database>
	</source>
	<size>
		<width>416</width>
		<height>416</height>
		<depth>3</depth>
	</size>
	<segmented>0</segmented>
	<object>
		<name>free-kick</name>
		<pose>Unspecified</pose>
		<truncated>0</truncated>
		<difficult>0</difficult>
		<occluded>0</occluded>
		<bndbox>
			<xmin>216</xmin>
			<xmax>339</xmax>
			<ymin>128</ymin>
			<ymax>302</ymax>
		</bndbox>
	</object>
</annotation>
