<annotation>
	<folder></folder>
	<filename>10_jpg.rf.e0d1a00b48f47f2535211a09f4d58673.jpg</filename>
	<path>10_jpg.rf.e0d1a00b48f47f2535211a09f4d58673.jpg</path>
	<source>
		<database>roboflow.com</database>
	</source>
	<size>
		<width>416</width>
		<height>416</height>
		<depth>3</depth>
	</size>
	<segmented>0</segmented>
	<object>
		<name>substitution</name>
		<pose>Unspecified</pose>
		<truncated>0</truncated>
		<difficult>0</difficult>
		<occluded>0</occluded>
		<bndbox>
			<xmin>81</xmin>
			<xmax>317</xmax>
			<ymin>91</ymin>
			<ymax>231</ymax>
		</bndbox>
	</object>
</annotation>
