<annotation>
	<folder></folder>
	<filename>10_jpg.rf.1330fe41b35901a6a424a46fef758c61.jpg</filename>
	<path>10_jpg.rf.1330fe41b35901a6a424a46fef758c61.jpg</path>
	<source>
		<database>roboflow.com</database>
	</source>
	<size>
		<width>416</width>
		<height>416</height>
		<depth>3</depth>
	</size>
	<segmented>0</segmented>
	<object>
		<name>red-card</name>
		<pose>Unspecified</pose>
		<truncated>0</truncated>
		<difficult>0</difficult>
		<occluded>0</occluded>
		<bndbox>
			<xmin>271</xmin>
			<xmax>324</xmax>
			<ymin>42</ymin>
			<ymax>204</ymax>
		</bndbox>
	</object>
</annotation>
