<annotation>
	<folder></folder>
	<filename>10_jpg.rf.dad8cbcde48ed681dae98db8419ae196.jpg</filename>
	<path>10_jpg.rf.dad8cbcde48ed681dae98db8419ae196.jpg</path>
	<source>
		<database>roboflow.com</database>
	</source>
	<size>
		<width>416</width>
		<height>416</height>
		<depth>3</depth>
	</size>
	<segmented>0</segmented>
	<object>
		<name>red-card</name>
		<pose>Unspecified</pose>
		<truncated>0</truncated>
		<difficult>0</difficult>
		<occluded>0</occluded>
		<bndbox>
			<xmin>271</xmin>
			<xmax>324</xmax>
			<ymin>42</ymin>
			<ymax>204</ymax>
		</bndbox>
	</object>
</annotation>
