<annotation>
	<folder></folder>
	<filename>11_jpg.rf.eb377b1ed01776e4fc8bb0231a0cc732.jpg</filename>
	<path>11_jpg.rf.eb377b1ed01776e4fc8bb0231a0cc732.jpg</path>
	<source>
		<database>roboflow.com</database>
	</source>
	<size>
		<width>416</width>
		<height>416</height>
		<depth>3</depth>
	</size>
	<segmented>0</segmented>
	<object>
		<name>red-card</name>
		<pose>Unspecified</pose>
		<truncated>0</truncated>
		<difficult>0</difficult>
		<occluded>0</occluded>
		<bndbox>
			<xmin>168</xmin>
			<xmax>240</xmax>
			<ymin>40</ymin>
			<ymax>326</ymax>
		</bndbox>
	</object>
</annotation>
