<annotation>
	<folder></folder>
	<filename>11_jpg.rf.c90502c51cce76e12f5005237b1b04ce.jpg</filename>
	<path>11_jpg.rf.c90502c51cce76e12f5005237b1b04ce.jpg</path>
	<source>
		<database>roboflow.com</database>
	</source>
	<size>
		<width>416</width>
		<height>416</height>
		<depth>3</depth>
	</size>
	<segmented>0</segmented>
	<object>
		<name>substitution</name>
		<pose>Unspecified</pose>
		<truncated>0</truncated>
		<difficult>0</difficult>
		<occluded>0</occluded>
		<bndbox>
			<xmin>51</xmin>
			<xmax>376</xmax>
			<ymin>123</ymin>
			<ymax>273</ymax>
		</bndbox>
	</object>
</annotation>
