<annotation>
	<folder></folder>
	<filename>12_jpg.rf.6177cc1d7bf3d50bf203c5bbfa9606c8.jpg</filename>
	<path>12_jpg.rf.6177cc1d7bf3d50bf203c5bbfa9606c8.jpg</path>
	<source>
		<database>roboflow.com</database>
	</source>
	<size>
		<width>416</width>
		<height>416</height>
		<depth>3</depth>
	</size>
	<segmented>0</segmented>
	<object>
		<name>yellow-card</name>
		<pose>Unspecified</pose>
		<truncated>0</truncated>
		<difficult>0</difficult>
		<occluded>0</occluded>
		<bndbox>
			<xmin>52</xmin>
			<xmax>120</xmax>
			<ymin>21</ymin>
			<ymax>184</ymax>
		</bndbox>
	</object>
</annotation>
