<annotation>
	<folder></folder>
	<filename>12_jpg.rf.d730af302ac2d4fdb46957e2af3b2ebf.jpg</filename>
	<path>12_jpg.rf.d730af302ac2d4fdb46957e2af3b2ebf.jpg</path>
	<source>
		<database>roboflow.com</database>
	</source>
	<size>
		<width>416</width>
		<height>416</height>
		<depth>3</depth>
	</size>
	<segmented>0</segmented>
	<object>
		<name>substitution</name>
		<pose>Unspecified</pose>
		<truncated>0</truncated>
		<difficult>0</difficult>
		<occluded>0</occluded>
		<bndbox>
			<xmin>38</xmin>
			<xmax>308</xmax>
			<ymin>20</ymin>
			<ymax>192</ymax>
		</bndbox>
	</object>
</annotation>
