<annotation>
	<folder></folder>
	<filename>13_jpg.rf.47031bff46439e9c393a61cef332d3a6.jpg</filename>
	<path>13_jpg.rf.47031bff46439e9c393a61cef332d3a6.jpg</path>
	<source>
		<database>roboflow.com</database>
	</source>
	<size>
		<width>416</width>
		<height>416</height>
		<depth>3</depth>
	</size>
	<segmented>0</segmented>
	<object>
		<name>substitution</name>
		<pose>Unspecified</pose>
		<truncated>0</truncated>
		<difficult>0</difficult>
		<occluded>0</occluded>
		<bndbox>
			<xmin>3</xmin>
			<xmax>415</xmax>
			<ymin>1</ymin>
			<ymax>328</ymax>
		</bndbox>
	</object>
</annotation>
