<annotation>
	<folder></folder>
	<filename>13_jpg.rf.d7926fe3d0dd3f4e7460a08c72107b24.jpg</filename>
	<path>13_jpg.rf.d7926fe3d0dd3f4e7460a08c72107b24.jpg</path>
	<source>
		<database>roboflow.com</database>
	</source>
	<size>
		<width>416</width>
		<height>416</height>
		<depth>3</depth>
	</size>
	<segmented>0</segmented>
	<object>
		<name>corner-kick</name>
		<pose>Unspecified</pose>
		<truncated>0</truncated>
		<difficult>0</difficult>
		<occluded>0</occluded>
		<bndbox>
			<xmin>1</xmin>
			<xmax>118</xmax>
			<ymin>116</ymin>
			<ymax>417</ymax>
		</bndbox>
	</object>
</annotation>
