<annotation>
	<folder></folder>
	<filename>13_jpg.rf.08bad1009c7f2e8ba7fe81bf5e5b0c33.jpg</filename>
	<path>13_jpg.rf.08bad1009c7f2e8ba7fe81bf5e5b0c33.jpg</path>
	<source>
		<database>roboflow.com</database>
	</source>
	<size>
		<width>416</width>
		<height>416</height>
		<depth>3</depth>
	</size>
	<segmented>0</segmented>
	<object>
		<name>corner-kick</name>
		<pose>Unspecified</pose>
		<truncated>0</truncated>
		<difficult>0</difficult>
		<occluded>0</occluded>
		<bndbox>
			<xmin>1</xmin>
			<xmax>118</xmax>
			<ymin>116</ymin>
			<ymax>417</ymax>
		</bndbox>
	</object>
</annotation>
