<annotation>
	<folder></folder>
	<filename>14_jpg.rf.79014a20fbd0e0a4b9af64a21ccde885.jpg</filename>
	<path>14_jpg.rf.79014a20fbd0e0a4b9af64a21ccde885.jpg</path>
	<source>
		<database>roboflow.com</database>
	</source>
	<size>
		<width>416</width>
		<height>416</height>
		<depth>3</depth>
	</size>
	<segmented>0</segmented>
	<object>
		<name>free-kick</name>
		<pose>Unspecified</pose>
		<truncated>0</truncated>
		<difficult>0</difficult>
		<occluded>0</occluded>
		<bndbox>
			<xmin>208</xmin>
			<xmax>308</xmax>
			<ymin>129</ymin>
			<ymax>324</ymax>
		</bndbox>
	</object>
</annotation>
