<annotation>
	<folder></folder>
	<filename>14_jpg.rf.95709ff31b0956eac90c2c570edfff26.jpg</filename>
	<path>14_jpg.rf.95709ff31b0956eac90c2c570edfff26.jpg</path>
	<source>
		<database>roboflow.com</database>
	</source>
	<size>
		<width>416</width>
		<height>416</height>
		<depth>3</depth>
	</size>
	<segmented>0</segmented>
	<object>
		<name>substitution</name>
		<pose>Unspecified</pose>
		<truncated>0</truncated>
		<difficult>0</difficult>
		<occluded>0</occluded>
		<bndbox>
			<xmin>13</xmin>
			<xmax>405</xmax>
			<ymin>116</ymin>
			<ymax>302</ymax>
		</bndbox>
	</object>
</annotation>
