<annotation>
	<folder></folder>
	<filename>14_jpg.rf.5a094fac81f039d5ef18dc15a5b77b0f.jpg</filename>
	<path>14_jpg.rf.5a094fac81f039d5ef18dc15a5b77b0f.jpg</path>
	<source>
		<database>roboflow.com</database>
	</source>
	<size>
		<width>416</width>
		<height>416</height>
		<depth>3</depth>
	</size>
	<segmented>0</segmented>
	<object>
		<name>yellow-card</name>
		<pose>Unspecified</pose>
		<truncated>0</truncated>
		<difficult>0</difficult>
		<occluded>0</occluded>
		<bndbox>
			<xmin>138</xmin>
			<xmax>187</xmax>
			<ymin>19</ymin>
			<ymax>133</ymax>
		</bndbox>
	</object>
</annotation>
