<annotation>
	<folder></folder>
	<filename>15_jpg.rf.12c8be333d7e5c8ad1d95969cc0cc8b9.jpg</filename>
	<path>15_jpg.rf.12c8be333d7e5c8ad1d95969cc0cc8b9.jpg</path>
	<source>
		<database>roboflow.com</database>
	</source>
	<size>
		<width>416</width>
		<height>416</height>
		<depth>3</depth>
	</size>
	<segmented>0</segmented>
	<object>
		<name>corner-kick</name>
		<pose>Unspecified</pose>
		<truncated>0</truncated>
		<difficult>0</difficult>
		<occluded>0</occluded>
		<bndbox>
			<xmin>199</xmin>
			<xmax>274</xmax>
			<ymin>168</ymin>
			<ymax>335</ymax>
		</bndbox>
	</object>
</annotation>
