<annotation>
	<folder></folder>
	<filename>15_jpg.rf.7361b8ab86189b12d589301167bafecb.jpg</filename>
	<path>15_jpg.rf.7361b8ab86189b12d589301167bafecb.jpg</path>
	<source>
		<database>roboflow.com</database>
	</source>
	<size>
		<width>416</width>
		<height>416</height>
		<depth>3</depth>
	</size>
	<segmented>0</segmented>
	<object>
		<name>red-card</name>
		<pose>Unspecified</pose>
		<truncated>0</truncated>
		<difficult>0</difficult>
		<occluded>0</occluded>
		<bndbox>
			<xmin>318</xmin>
			<xmax>389</xmax>
			<ymin>154</ymin>
			<ymax>417</ymax>
		</bndbox>
	</object>
</annotation>
