<annotation>
	<folder></folder>
	<filename>16_jpg.rf.46d4898608ee08c4d82a36e3b363b7b7.jpg</filename>
	<path>16_jpg.rf.46d4898608ee08c4d82a36e3b363b7b7.jpg</path>
	<source>
		<database>roboflow.com</database>
	</source>
	<size>
		<width>416</width>
		<height>416</height>
		<depth>3</depth>
	</size>
	<segmented>0</segmented>
	<object>
		<name>yellow-card</name>
		<pose>Unspecified</pose>
		<truncated>0</truncated>
		<difficult>0</difficult>
		<occluded>0</occluded>
		<bndbox>
			<xmin>286</xmin>
			<xmax>336</xmax>
			<ymin>3</ymin>
			<ymax>56</ymax>
		</bndbox>
	</object>
</annotation>
