<annotation>
	<folder></folder>
	<filename>16_jpg.rf.88c5495126c2c9b0d36614f51c36700f.jpg</filename>
	<path>16_jpg.rf.88c5495126c2c9b0d36614f51c36700f.jpg</path>
	<source>
		<database>roboflow.com</database>
	</source>
	<size>
		<width>416</width>
		<height>416</height>
		<depth>3</depth>
	</size>
	<segmented>0</segmented>
	<object>
		<name>corner-kick</name>
		<pose>Unspecified</pose>
		<truncated>0</truncated>
		<difficult>0</difficult>
		<occluded>0</occluded>
		<bndbox>
			<xmin>51</xmin>
			<xmax>164</xmax>
			<ymin>91</ymin>
			<ymax>386</ymax>
		</bndbox>
	</object>
</annotation>
