<annotation>
	<folder></folder>
	<filename>16_jpg.rf.37f2030ab25c7f8556b2f0fc706cd9eb.jpg</filename>
	<path>16_jpg.rf.37f2030ab25c7f8556b2f0fc706cd9eb.jpg</path>
	<source>
		<database>roboflow.com</database>
	</source>
	<size>
		<width>416</width>
		<height>416</height>
		<depth>3</depth>
	</size>
	<segmented>0</segmented>
	<object>
		<name>substitution</name>
		<pose>Unspecified</pose>
		<truncated>0</truncated>
		<difficult>0</difficult>
		<occluded>0</occluded>
		<bndbox>
			<xmin>186</xmin>
			<xmax>379</xmax>
			<ymin>36</ymin>
			<ymax>164</ymax>
		</bndbox>
	</object>
</annotation>
