<annotation>
	<folder></folder>
	<filename>17_jpg.rf.6d48698b0678d9a29277d32fed2e4563.jpg</filename>
	<path>17_jpg.rf.6d48698b0678d9a29277d32fed2e4563.jpg</path>
	<source>
		<database>roboflow.com</database>
	</source>
	<size>
		<width>416</width>
		<height>416</height>
		<depth>3</depth>
	</size>
	<segmented>0</segmented>
	<object>
		<name>yellow-card</name>
		<pose>Unspecified</pose>
		<truncated>0</truncated>
		<difficult>0</difficult>
		<occluded>0</occluded>
		<bndbox>
			<xmin>256</xmin>
			<xmax>288</xmax>
			<ymin>4</ymin>
			<ymax>137</ymax>
		</bndbox>
	</object>
</annotation>
