<annotation>
	<folder></folder>
	<filename>17_jpg.rf.a8c23dee77dcfc73c8fc702c64aa4458.jpg</filename>
	<path>17_jpg.rf.a8c23dee77dcfc73c8fc702c64aa4458.jpg</path>
	<source>
		<database>roboflow.com</database>
	</source>
	<size>
		<width>416</width>
		<height>416</height>
		<depth>3</depth>
	</size>
	<segmented>0</segmented>
	<object>
		<name>corner-kick</name>
		<pose>Unspecified</pose>
		<truncated>0</truncated>
		<difficult>0</difficult>
		<occluded>0</occluded>
		<bndbox>
			<xmin>217</xmin>
			<xmax>368</xmax>
			<ymin>66</ymin>
			<ymax>360</ymax>
		</bndbox>
	</object>
</annotation>
