<annotation>
	<folder></folder>
	<filename>17_jpg.rf.93549eb5d98749899f7e8c1f655ae8ca.jpg</filename>
	<path>17_jpg.rf.93549eb5d98749899f7e8c1f655ae8ca.jpg</path>
	<source>
		<database>roboflow.com</database>
	</source>
	<size>
		<width>416</width>
		<height>416</height>
		<depth>3</depth>
	</size>
	<segmented>0</segmented>
	<object>
		<name>free-kick</name>
		<pose>Unspecified</pose>
		<truncated>0</truncated>
		<difficult>0</difficult>
		<occluded>0</occluded>
		<bndbox>
			<xmin>115</xmin>
			<xmax>224</xmax>
			<ymin>20</ymin>
			<ymax>166</ymax>
		</bndbox>
	</object>
</annotation>
