<annotation>
	<folder></folder>
	<filename>18_jpg.rf.075081e325f3a0d5d9571d29139443f7.jpg</filename>
	<path>18_jpg.rf.075081e325f3a0d5d9571d29139443f7.jpg</path>
	<source>
		<database>roboflow.com</database>
	</source>
	<size>
		<width>416</width>
		<height>416</height>
		<depth>3</depth>
	</size>
	<segmented>0</segmented>
	<object>
		<name>free-kick</name>
		<pose>Unspecified</pose>
		<truncated>0</truncated>
		<difficult>0</difficult>
		<occluded>0</occluded>
		<bndbox>
			<xmin>187</xmin>
			<xmax>416</xmax>
			<ymin>54</ymin>
			<ymax>401</ymax>
		</bndbox>
	</object>
</annotation>
