<annotation>
	<folder></folder>
	<filename>18_jpg.rf.f967abd32b879da0b2a67017a9335d53.jpg</filename>
	<path>18_jpg.rf.f967abd32b879da0b2a67017a9335d53.jpg</path>
	<source>
		<database>roboflow.com</database>
	</source>
	<size>
		<width>416</width>
		<height>416</height>
		<depth>3</depth>
	</size>
	<segmented>0</segmented>
	<object>
		<name>yellow-card</name>
		<pose>Unspecified</pose>
		<truncated>0</truncated>
		<difficult>0</difficult>
		<occluded>0</occluded>
		<bndbox>
			<xmin>241</xmin>
			<xmax>261</xmax>
			<ymin>53</ymin>
			<ymax>119</ymax>
		</bndbox>
	</object>
</annotation>
