<annotation>
	<folder></folder>
	<filename>18_jpg.rf.687f4362911a9167a30cd914b0425647.jpg</filename>
	<path>18_jpg.rf.687f4362911a9167a30cd914b0425647.jpg</path>
	<source>
		<database>roboflow.com</database>
	</source>
	<size>
		<width>416</width>
		<height>416</height>
		<depth>3</depth>
	</size>
	<segmented>0</segmented>
	<object>
		<name>substitution</name>
		<pose>Unspecified</pose>
		<truncated>0</truncated>
		<difficult>0</difficult>
		<occluded>0</occluded>
		<bndbox>
			<xmin>186</xmin>
			<xmax>363</xmax>
			<ymin>1</ymin>
			<ymax>139</ymax>
		</bndbox>
	</object>
</annotation>
