<annotation>
	<folder></folder>
	<filename>18_jpg.rf.476b3e5330932113a6c0d46280d4fb71.jpg</filename>
	<path>18_jpg.rf.476b3e5330932113a6c0d46280d4fb71.jpg</path>
	<source>
		<database>roboflow.com</database>
	</source>
	<size>
		<width>416</width>
		<height>416</height>
		<depth>3</depth>
	</size>
	<segmented>0</segmented>
	<object>
		<name>corner-kick</name>
		<pose>Unspecified</pose>
		<truncated>0</truncated>
		<difficult>0</difficult>
		<occluded>0</occluded>
		<bndbox>
			<xmin>149</xmin>
			<xmax>282</xmax>
			<ymin>48</ymin>
			<ymax>385</ymax>
		</bndbox>
	</object>
</annotation>
