<annotation>
	<folder></folder>
	<filename>18_jpg.rf.90958e1b94a2bd58aedde5eaa2e441c1.jpg</filename>
	<path>18_jpg.rf.90958e1b94a2bd58aedde5eaa2e441c1.jpg</path>
	<source>
		<database>roboflow.com</database>
	</source>
	<size>
		<width>416</width>
		<height>416</height>
		<depth>3</depth>
	</size>
	<segmented>0</segmented>
	<object>
		<name>red-card</name>
		<pose>Unspecified</pose>
		<truncated>0</truncated>
		<difficult>0</difficult>
		<occluded>0</occluded>
		<bndbox>
			<xmin>146</xmin>
			<xmax>183</xmax>
			<ymin>5</ymin>
			<ymax>108</ymax>
		</bndbox>
	</object>
</annotation>
