<annotation>
	<folder></folder>
	<filename>19_jpg.rf.4e70110ac042e8265e3909c44be194dc.jpg</filename>
	<path>19_jpg.rf.4e70110ac042e8265e3909c44be194dc.jpg</path>
	<source>
		<database>roboflow.com</database>
	</source>
	<size>
		<width>416</width>
		<height>416</height>
		<depth>3</depth>
	</size>
	<segmented>0</segmented>
	<object>
		<name>red-card</name>
		<pose>Unspecified</pose>
		<truncated>0</truncated>
		<difficult>0</difficult>
		<occluded>0</occluded>
		<bndbox>
			<xmin>274</xmin>
			<xmax>333</xmax>
			<ymin>42</ymin>
			<ymax>214</ymax>
		</bndbox>
	</object>
</annotation>
