<annotation>
	<folder></folder>
	<filename>19_jpg.rf.e25a29091b24f14726632fc63616126a.jpg</filename>
	<path>19_jpg.rf.e25a29091b24f14726632fc63616126a.jpg</path>
	<source>
		<database>roboflow.com</database>
	</source>
	<size>
		<width>416</width>
		<height>416</height>
		<depth>3</depth>
	</size>
	<segmented>0</segmented>
	<object>
		<name>corner-kick</name>
		<pose>Unspecified</pose>
		<truncated>0</truncated>
		<difficult>0</difficult>
		<occluded>0</occluded>
		<bndbox>
			<xmin>325</xmin>
			<xmax>416</xmax>
			<ymin>179</ymin>
			<ymax>415</ymax>
		</bndbox>
	</object>
</annotation>
