<annotation>
	<folder></folder>
	<filename>19_jpg.rf.a10d01896d9cd0040e68f6e036d301e9.jpg</filename>
	<path>19_jpg.rf.a10d01896d9cd0040e68f6e036d301e9.jpg</path>
	<source>
		<database>roboflow.com</database>
	</source>
	<size>
		<width>416</width>
		<height>416</height>
		<depth>3</depth>
	</size>
	<segmented>0</segmented>
	<object>
		<name>yellow-card</name>
		<pose>Unspecified</pose>
		<truncated>0</truncated>
		<difficult>0</difficult>
		<occluded>0</occluded>
		<bndbox>
			<xmin>52</xmin>
			<xmax>233</xmax>
			<ymin>45</ymin>
			<ymax>280</ymax>
		</bndbox>
	</object>
</annotation>
