<annotation>
	<folder></folder>
	<filename>19_jpg.rf.c73fae63d3b8a7201858780ccfbd46d3.jpg</filename>
	<path>19_jpg.rf.c73fae63d3b8a7201858780ccfbd46d3.jpg</path>
	<source>
		<database>roboflow.com</database>
	</source>
	<size>
		<width>416</width>
		<height>416</height>
		<depth>3</depth>
	</size>
	<segmented>0</segmented>
	<object>
		<name>shooting</name>
		<pose>Unspecified</pose>
		<truncated>0</truncated>
		<difficult>0</difficult>
		<occluded>0</occluded>
		<bndbox>
			<xmin>57</xmin>
			<xmax>391</xmax>
			<ymin>89</ymin>
			<ymax>371</ymax>
		</bndbox>
	</object>
</annotation>
