<annotation>
	<folder></folder>
	<filename>19_jpg.rf.0327039c13673d5522b3635e908f45ae.jpg</filename>
	<path>19_jpg.rf.0327039c13673d5522b3635e908f45ae.jpg</path>
	<source>
		<database>roboflow.com</database>
	</source>
	<size>
		<width>416</width>
		<height>416</height>
		<depth>3</depth>
	</size>
	<segmented>0</segmented>
	<object>
		<name>free-kick</name>
		<pose>Unspecified</pose>
		<truncated>0</truncated>
		<difficult>0</difficult>
		<occluded>0</occluded>
		<bndbox>
			<xmin>124</xmin>
			<xmax>389</xmax>
			<ymin>27</ymin>
			<ymax>398</ymax>
		</bndbox>
	</object>
</annotation>
