<annotation>
	<folder></folder>
	<filename>19_jpg.rf.c93b5bb4661dc765217d2ddc9af72692.jpg</filename>
	<path>19_jpg.rf.c93b5bb4661dc765217d2ddc9af72692.jpg</path>
	<source>
		<database>roboflow.com</database>
	</source>
	<size>
		<width>416</width>
		<height>416</height>
		<depth>3</depth>
	</size>
	<segmented>0</segmented>
	<object>
		<name>substitution</name>
		<pose>Unspecified</pose>
		<truncated>0</truncated>
		<difficult>0</difficult>
		<occluded>0</occluded>
		<bndbox>
			<xmin>123</xmin>
			<xmax>301</xmax>
			<ymin>7</ymin>
			<ymax>177</ymax>
		</bndbox>
	</object>
</annotation>
