<annotation>
	<folder></folder>
	<filename>1_jpeg_jpg.rf.ffe82c0256720b6b2118783d3d2c9ed2.jpg</filename>
	<path>1_jpeg_jpg.rf.ffe82c0256720b6b2118783d3d2c9ed2.jpg</path>
	<source>
		<database>roboflow.com</database>
	</source>
	<size>
		<width>416</width>
		<height>416</height>
		<depth>3</depth>
	</size>
	<segmented>0</segmented>
	<object>
		<name>shooting</name>
		<pose>Unspecified</pose>
		<truncated>0</truncated>
		<difficult>0</difficult>
		<occluded>0</occluded>
		<bndbox>
			<xmin>1</xmin>
			<xmax>367</xmax>
			<ymin>13</ymin>
			<ymax>413</ymax>
		</bndbox>
	</object>
</annotation>
