<annotation>
	<folder></folder>
	<filename>1_jpg.rf.82cd12f7178578d22eefed3560e2c007.jpg</filename>
	<path>1_jpg.rf.82cd12f7178578d22eefed3560e2c007.jpg</path>
	<source>
		<database>roboflow.com</database>
	</source>
	<size>
		<width>416</width>
		<height>416</height>
		<depth>3</depth>
	</size>
	<segmented>0</segmented>
	<object>
		<name>yellow-card</name>
		<pose>Unspecified</pose>
		<truncated>0</truncated>
		<difficult>0</difficult>
		<occluded>0</occluded>
		<bndbox>
			<xmin>53</xmin>
			<xmax>122</xmax>
			<ymin>23</ymin>
			<ymax>215</ymax>
		</bndbox>
	</object>
</annotation>
