<annotation>
	<folder></folder>
	<filename>1_jpeg_jpg.rf.9a006b0ac8c7d383b104bd60c4bdcedd.jpg</filename>
	<path>1_jpeg_jpg.rf.9a006b0ac8c7d383b104bd60c4bdcedd.jpg</path>
	<source>
		<database>roboflow.com</database>
	</source>
	<size>
		<width>416</width>
		<height>416</height>
		<depth>3</depth>
	</size>
	<segmented>0</segmented>
	<object>
		<name>shooting</name>
		<pose>Unspecified</pose>
		<truncated>0</truncated>
		<difficult>0</difficult>
		<occluded>0</occluded>
		<bndbox>
			<xmin>1</xmin>
			<xmax>367</xmax>
			<ymin>13</ymin>
			<ymax>413</ymax>
		</bndbox>
	</object>
</annotation>
