<annotation>
	<folder></folder>
	<filename>1_jpg.rf.4d9add0d92c7b5660496bf820399464b.jpg</filename>
	<path>1_jpg.rf.4d9add0d92c7b5660496bf820399464b.jpg</path>
	<source>
		<database>roboflow.com</database>
	</source>
	<size>
		<width>416</width>
		<height>416</height>
		<depth>3</depth>
	</size>
	<segmented>0</segmented>
	<object>
		<name>substitution</name>
		<pose>Unspecified</pose>
		<truncated>0</truncated>
		<difficult>0</difficult>
		<occluded>0</occluded>
		<bndbox>
			<xmin>199</xmin>
			<xmax>258</xmax>
			<ymin>94</ymin>
			<ymax>172</ymax>
		</bndbox>
	</object>
</annotation>
