<annotation>
	<folder></folder>
	<filename>20_jpg.rf.d4f4feca26db8e96976841064024c5e3.jpg</filename>
	<path>20_jpg.rf.d4f4feca26db8e96976841064024c5e3.jpg</path>
	<source>
		<database>roboflow.com</database>
	</source>
	<size>
		<width>416</width>
		<height>416</height>
		<depth>3</depth>
	</size>
	<segmented>0</segmented>
	<object>
		<name>substitution</name>
		<pose>Unspecified</pose>
		<truncated>0</truncated>
		<difficult>0</difficult>
		<occluded>0</occluded>
		<bndbox>
			<xmin>87</xmin>
			<xmax>161</xmax>
			<ymin>42</ymin>
			<ymax>120</ymax>
		</bndbox>
	</object>
</annotation>
