<annotation>
	<folder></folder>
	<filename>20_jpg.rf.b76323d89989c23cd4b3469c0f5d8823.jpg</filename>
	<path>20_jpg.rf.b76323d89989c23cd4b3469c0f5d8823.jpg</path>
	<source>
		<database>roboflow.com</database>
	</source>
	<size>
		<width>416</width>
		<height>416</height>
		<depth>3</depth>
	</size>
	<segmented>0</segmented>
	<object>
		<name>free-kick</name>
		<pose>Unspecified</pose>
		<truncated>0</truncated>
		<difficult>0</difficult>
		<occluded>0</occluded>
		<bndbox>
			<xmin>94</xmin>
			<xmax>153</xmax>
			<ymin>103</ymin>
			<ymax>291</ymax>
		</bndbox>
	</object>
</annotation>
