<annotation>
	<folder></folder>
	<filename>20_jpg.rf.bc7cfcc3ac7fd47f8d158f5d434eaadc.jpg</filename>
	<path>20_jpg.rf.bc7cfcc3ac7fd47f8d158f5d434eaadc.jpg</path>
	<source>
		<database>roboflow.com</database>
	</source>
	<size>
		<width>416</width>
		<height>416</height>
		<depth>3</depth>
	</size>
	<segmented>0</segmented>
	<object>
		<name>corner-kick</name>
		<pose>Unspecified</pose>
		<truncated>0</truncated>
		<difficult>0</difficult>
		<occluded>0</occluded>
		<bndbox>
			<xmin>6</xmin>
			<xmax>184</xmax>
			<ymin>32</ymin>
			<ymax>405</ymax>
		</bndbox>
	</object>
</annotation>
