<annotation>
	<folder></folder>
	<filename>21_jpg.rf.ee42e0821de5baa6876750c7881888f7.jpg</filename>
	<path>21_jpg.rf.ee42e0821de5baa6876750c7881888f7.jpg</path>
	<source>
		<database>roboflow.com</database>
	</source>
	<size>
		<width>416</width>
		<height>416</height>
		<depth>3</depth>
	</size>
	<segmented>0</segmented>
	<object>
		<name>substitution</name>
		<pose>Unspecified</pose>
		<truncated>0</truncated>
		<difficult>0</difficult>
		<occluded>0</occluded>
		<bndbox>
			<xmin>317</xmin>
			<xmax>381</xmax>
			<ymin>24</ymin>
			<ymax>130</ymax>
		</bndbox>
	</object>
</annotation>
