<annotation>
	<folder></folder>
	<filename>21_jpg.rf.ad7f266af24b55e0b34564e22ea657b3.jpg</filename>
	<path>21_jpg.rf.ad7f266af24b55e0b34564e22ea657b3.jpg</path>
	<source>
		<database>roboflow.com</database>
	</source>
	<size>
		<width>416</width>
		<height>416</height>
		<depth>3</depth>
	</size>
	<segmented>0</segmented>
	<object>
		<name>corner-kick</name>
		<pose>Unspecified</pose>
		<truncated>0</truncated>
		<difficult>0</difficult>
		<occluded>0</occluded>
		<bndbox>
			<xmin>27</xmin>
			<xmax>278</xmax>
			<ymin>12</ymin>
			<ymax>374</ymax>
		</bndbox>
	</object>
</annotation>
