<annotation>
	<folder></folder>
	<filename>21_jpg.rf.f429bfabe5bce397025c22c885497daa.jpg</filename>
	<path>21_jpg.rf.f429bfabe5bce397025c22c885497daa.jpg</path>
	<source>
		<database>roboflow.com</database>
	</source>
	<size>
		<width>416</width>
		<height>416</height>
		<depth>3</depth>
	</size>
	<segmented>0</segmented>
	<object>
		<name>free-kick</name>
		<pose>Unspecified</pose>
		<truncated>0</truncated>
		<difficult>0</difficult>
		<occluded>0</occluded>
		<bndbox>
			<xmin>196</xmin>
			<xmax>242</xmax>
			<ymin>189</ymin>
			<ymax>271</ymax>
		</bndbox>
	</object>
</annotation>
