<annotation>
	<folder></folder>
	<filename>22_jpg.rf.03b4d07da5f2b8ab45233c5b05caeced.jpg</filename>
	<path>22_jpg.rf.03b4d07da5f2b8ab45233c5b05caeced.jpg</path>
	<source>
		<database>roboflow.com</database>
	</source>
	<size>
		<width>416</width>
		<height>416</height>
		<depth>3</depth>
	</size>
	<segmented>0</segmented>
	<object>
		<name>shooting</name>
		<pose>Unspecified</pose>
		<truncated>0</truncated>
		<difficult>0</difficult>
		<occluded>0</occluded>
		<bndbox>
			<xmin>228</xmin>
			<xmax>394</xmax>
			<ymin>59</ymin>
			<ymax>363</ymax>
		</bndbox>
	</object>
</annotation>
