<annotation>
	<folder></folder>
	<filename>22_jpg.rf.c229593e370eb8048e6de530ffe1aebc.jpg</filename>
	<path>22_jpg.rf.c229593e370eb8048e6de530ffe1aebc.jpg</path>
	<source>
		<database>roboflow.com</database>
	</source>
	<size>
		<width>416</width>
		<height>416</height>
		<depth>3</depth>
	</size>
	<segmented>0</segmented>
	<object>
		<name>yellow-card</name>
		<pose>Unspecified</pose>
		<truncated>0</truncated>
		<difficult>0</difficult>
		<occluded>0</occluded>
		<bndbox>
			<xmin>64</xmin>
			<xmax>126</xmax>
			<ymin>2</ymin>
			<ymax>152</ymax>
		</bndbox>
	</object>
</annotation>
