<annotation>
	<folder></folder>
	<filename>22_jpg.rf.f0437396d6617beea4000075b5c72e2d.jpg</filename>
	<path>22_jpg.rf.f0437396d6617beea4000075b5c72e2d.jpg</path>
	<source>
		<database>roboflow.com</database>
	</source>
	<size>
		<width>416</width>
		<height>416</height>
		<depth>3</depth>
	</size>
	<segmented>0</segmented>
	<object>
		<name>red-card</name>
		<pose>Unspecified</pose>
		<truncated>0</truncated>
		<difficult>0</difficult>
		<occluded>0</occluded>
		<bndbox>
			<xmin>140</xmin>
			<xmax>191</xmax>
			<ymin>14</ymin>
			<ymax>137</ymax>
		</bndbox>
	</object>
</annotation>
