<annotation>
	<folder></folder>
	<filename>22_jpg.rf.786b5be068997a2cd30bf50c69a0b3a4.jpg</filename>
	<path>22_jpg.rf.786b5be068997a2cd30bf50c69a0b3a4.jpg</path>
	<source>
		<database>roboflow.com</database>
	</source>
	<size>
		<width>416</width>
		<height>416</height>
		<depth>3</depth>
	</size>
	<segmented>0</segmented>
	<object>
		<name>free-kick</name>
		<pose>Unspecified</pose>
		<truncated>0</truncated>
		<difficult>0</difficult>
		<occluded>0</occluded>
		<bndbox>
			<xmin>174</xmin>
			<xmax>299</xmax>
			<ymin>135</ymin>
			<ymax>323</ymax>
		</bndbox>
	</object>
</annotation>
