<annotation>
	<folder></folder>
	<filename>23_jpg.rf.5de52457cce6cbd60dab2cdd5672fc70.jpg</filename>
	<path>23_jpg.rf.5de52457cce6cbd60dab2cdd5672fc70.jpg</path>
	<source>
		<database>roboflow.com</database>
	</source>
	<size>
		<width>416</width>
		<height>416</height>
		<depth>3</depth>
	</size>
	<segmented>0</segmented>
	<object>
		<name>corner-kick</name>
		<pose>Unspecified</pose>
		<truncated>0</truncated>
		<difficult>0</difficult>
		<occluded>0</occluded>
		<bndbox>
			<xmin>268</xmin>
			<xmax>399</xmax>
			<ymin>77</ymin>
			<ymax>291</ymax>
		</bndbox>
	</object>
</annotation>
