<annotation>
	<folder></folder>
	<filename>23_jpg.rf.3b0f6741481f16a3d8dfa885dc220615.jpg</filename>
	<path>23_jpg.rf.3b0f6741481f16a3d8dfa885dc220615.jpg</path>
	<source>
		<database>roboflow.com</database>
	</source>
	<size>
		<width>416</width>
		<height>416</height>
		<depth>3</depth>
	</size>
	<segmented>0</segmented>
	<object>
		<name>free-kick</name>
		<pose>Unspecified</pose>
		<truncated>0</truncated>
		<difficult>0</difficult>
		<occluded>0</occluded>
		<bndbox>
			<xmin>149</xmin>
			<xmax>273</xmax>
			<ymin>172</ymin>
			<ymax>362</ymax>
		</bndbox>
	</object>
</annotation>
