<annotation>
	<folder></folder>
	<filename>23_jpg.rf.ca0ec5b60214567963d401e1ca5859ac.jpg</filename>
	<path>23_jpg.rf.ca0ec5b60214567963d401e1ca5859ac.jpg</path>
	<source>
		<database>roboflow.com</database>
	</source>
	<size>
		<width>416</width>
		<height>416</height>
		<depth>3</depth>
	</size>
	<segmented>0</segmented>
	<object>
		<name>red-card</name>
		<pose>Unspecified</pose>
		<truncated>0</truncated>
		<difficult>0</difficult>
		<occluded>0</occluded>
		<bndbox>
			<xmin>28</xmin>
			<xmax>111</xmax>
			<ymin>118</ymin>
			<ymax>416</ymax>
		</bndbox>
	</object>
</annotation>
