<annotation>
	<folder></folder>
	<filename>24_jpg.rf.d02a4410a3426dd5eed51e779f270812.jpg</filename>
	<path>24_jpg.rf.d02a4410a3426dd5eed51e779f270812.jpg</path>
	<source>
		<database>roboflow.com</database>
	</source>
	<size>
		<width>416</width>
		<height>416</height>
		<depth>3</depth>
	</size>
	<segmented>0</segmented>
	<object>
		<name>free-kick</name>
		<pose>Unspecified</pose>
		<truncated>0</truncated>
		<difficult>0</difficult>
		<occluded>0</occluded>
		<bndbox>
			<xmin>192</xmin>
			<xmax>338</xmax>
			<ymin>96</ymin>
			<ymax>366</ymax>
		</bndbox>
	</object>
</annotation>
