<annotation>
	<folder></folder>
	<filename>24_jpg.rf.65671712432a8325ffa28b4b8fb686a4.jpg</filename>
	<path>24_jpg.rf.65671712432a8325ffa28b4b8fb686a4.jpg</path>
	<source>
		<database>roboflow.com</database>
	</source>
	<size>
		<width>416</width>
		<height>416</height>
		<depth>3</depth>
	</size>
	<segmented>0</segmented>
	<object>
		<name>corner-kick</name>
		<pose>Unspecified</pose>
		<truncated>0</truncated>
		<difficult>0</difficult>
		<occluded>0</occluded>
		<bndbox>
			<xmin>256</xmin>
			<xmax>326</xmax>
			<ymin>313</ymin>
			<ymax>369</ymax>
		</bndbox>
	</object>
</annotation>
