<annotation>
	<folder></folder>
	<filename>24_jpg.rf.06800c116443bd5ee8fe3acce94d7994.jpg</filename>
	<path>24_jpg.rf.06800c116443bd5ee8fe3acce94d7994.jpg</path>
	<source>
		<database>roboflow.com</database>
	</source>
	<size>
		<width>416</width>
		<height>416</height>
		<depth>3</depth>
	</size>
	<segmented>0</segmented>
	<object>
		<name>red-card</name>
		<pose>Unspecified</pose>
		<truncated>0</truncated>
		<difficult>0</difficult>
		<occluded>0</occluded>
		<bndbox>
			<xmin>108</xmin>
			<xmax>287</xmax>
			<ymin>12</ymin>
			<ymax>417</ymax>
		</bndbox>
	</object>
</annotation>
