<annotation>
	<folder></folder>
	<filename>24_jpg.rf.17f8ccfec32b9edecbe8464454f60099.jpg</filename>
	<path>24_jpg.rf.17f8ccfec32b9edecbe8464454f60099.jpg</path>
	<source>
		<database>roboflow.com</database>
	</source>
	<size>
		<width>416</width>
		<height>416</height>
		<depth>3</depth>
	</size>
	<segmented>0</segmented>
	<object>
		<name>yellow-card</name>
		<pose>Unspecified</pose>
		<truncated>0</truncated>
		<difficult>0</difficult>
		<occluded>0</occluded>
		<bndbox>
			<xmin>81</xmin>
			<xmax>320</xmax>
			<ymin>45</ymin>
			<ymax>417</ymax>
		</bndbox>
	</object>
</annotation>
