<annotation>
	<folder></folder>
	<filename>26_jpg.rf.8517945f494178f3f60940b6ab00e632.jpg</filename>
	<path>26_jpg.rf.8517945f494178f3f60940b6ab00e632.jpg</path>
	<source>
		<database>roboflow.com</database>
	</source>
	<size>
		<width>416</width>
		<height>416</height>
		<depth>3</depth>
	</size>
	<segmented>0</segmented>
	<object>
		<name>substitution</name>
		<pose>Unspecified</pose>
		<truncated>0</truncated>
		<difficult>0</difficult>
		<occluded>0</occluded>
		<bndbox>
			<xmin>93</xmin>
			<xmax>159</xmax>
			<ymin>14</ymin>
			<ymax>97</ymax>
		</bndbox>
	</object>
</annotation>
