<annotation>
	<folder></folder>
	<filename>26_jpg.rf.38bfd5f916ba4ba0fecf0a075916f06f.jpg</filename>
	<path>26_jpg.rf.38bfd5f916ba4ba0fecf0a075916f06f.jpg</path>
	<source>
		<database>roboflow.com</database>
	</source>
	<size>
		<width>416</width>
		<height>416</height>
		<depth>3</depth>
	</size>
	<segmented>0</segmented>
	<object>
		<name>red-card</name>
		<pose>Unspecified</pose>
		<truncated>0</truncated>
		<difficult>0</difficult>
		<occluded>0</occluded>
		<bndbox>
			<xmin>231</xmin>
			<xmax>285</xmax>
			<ymin>4</ymin>
			<ymax>88</ymax>
		</bndbox>
	</object>
</annotation>
