<annotation>
	<folder></folder>
	<filename>26_jpg.rf.97b8fc45e52400a75da55103d3dad03c.jpg</filename>
	<path>26_jpg.rf.97b8fc45e52400a75da55103d3dad03c.jpg</path>
	<source>
		<database>roboflow.com</database>
	</source>
	<size>
		<width>416</width>
		<height>416</height>
		<depth>3</depth>
	</size>
	<segmented>0</segmented>
	<object>
		<name>free-kick</name>
		<pose>Unspecified</pose>
		<truncated>0</truncated>
		<difficult>0</difficult>
		<occluded>0</occluded>
		<bndbox>
			<xmin>48</xmin>
			<xmax>241</xmax>
			<ymin>150</ymin>
			<ymax>411</ymax>
		</bndbox>
	</object>
</annotation>
