<annotation>
	<folder></folder>
	<filename>26_png_jpg.rf.4c46fc914459240aef3e494fb410abf7.jpg</filename>
	<path>26_png_jpg.rf.4c46fc914459240aef3e494fb410abf7.jpg</path>
	<source>
		<database>roboflow.com</database>
	</source>
	<size>
		<width>416</width>
		<height>416</height>
		<depth>3</depth>
	</size>
	<segmented>0</segmented>
	<object>
		<name>yellow-card</name>
		<pose>Unspecified</pose>
		<truncated>0</truncated>
		<difficult>0</difficult>
		<occluded>0</occluded>
		<bndbox>
			<xmin>42</xmin>
			<xmax>153</xmax>
			<ymin>16</ymin>
			<ymax>246</ymax>
		</bndbox>
	</object>
</annotation>
