<annotation>
	<folder></folder>
	<filename>27_jpg.rf.ebd2367fbe33460cfa0635c30fa09c96.jpg</filename>
	<path>27_jpg.rf.ebd2367fbe33460cfa0635c30fa09c96.jpg</path>
	<source>
		<database>roboflow.com</database>
	</source>
	<size>
		<width>416</width>
		<height>416</height>
		<depth>3</depth>
	</size>
	<segmented>0</segmented>
	<object>
		<name>yellow-card</name>
		<pose>Unspecified</pose>
		<truncated>0</truncated>
		<difficult>0</difficult>
		<occluded>0</occluded>
		<bndbox>
			<xmin>123</xmin>
			<xmax>210</xmax>
			<ymin>3</ymin>
			<ymax>132</ymax>
		</bndbox>
	</object>
</annotation>
