<annotation>
	<folder></folder>
	<filename>27_jpg.rf.352203e0668036cb6d1920b651211111.jpg</filename>
	<path>27_jpg.rf.352203e0668036cb6d1920b651211111.jpg</path>
	<source>
		<database>roboflow.com</database>
	</source>
	<size>
		<width>416</width>
		<height>416</height>
		<depth>3</depth>
	</size>
	<segmented>0</segmented>
	<object>
		<name>substitution</name>
		<pose>Unspecified</pose>
		<truncated>0</truncated>
		<difficult>0</difficult>
		<occluded>0</occluded>
		<bndbox>
			<xmin>180</xmin>
			<xmax>296</xmax>
			<ymin>41</ymin>
			<ymax>163</ymax>
		</bndbox>
	</object>
</annotation>
