<annotation>
	<folder></folder>
	<filename>27_jpg.rf.d0741d15e536a4e9d1833e719226bcb3.jpg</filename>
	<path>27_jpg.rf.d0741d15e536a4e9d1833e719226bcb3.jpg</path>
	<source>
		<database>roboflow.com</database>
	</source>
	<size>
		<width>416</width>
		<height>416</height>
		<depth>3</depth>
	</size>
	<segmented>0</segmented>
	<object>
		<name>red-card</name>
		<pose>Unspecified</pose>
		<truncated>0</truncated>
		<difficult>0</difficult>
		<occluded>0</occluded>
		<bndbox>
			<xmin>160</xmin>
			<xmax>258</xmax>
			<ymin>6</ymin>
			<ymax>344</ymax>
		</bndbox>
	</object>
</annotation>
