<annotation>
	<folder></folder>
	<filename>28_jpg.rf.c78d9c456e6e542e8a8c41da01e0a728.jpg</filename>
	<path>28_jpg.rf.c78d9c456e6e542e8a8c41da01e0a728.jpg</path>
	<source>
		<database>roboflow.com</database>
	</source>
	<size>
		<width>416</width>
		<height>416</height>
		<depth>3</depth>
	</size>
	<segmented>0</segmented>
	<object>
		<name>corner-kick</name>
		<pose>Unspecified</pose>
		<truncated>0</truncated>
		<difficult>0</difficult>
		<occluded>0</occluded>
		<bndbox>
			<xmin>223</xmin>
			<xmax>328</xmax>
			<ymin>109</ymin>
			<ymax>318</ymax>
		</bndbox>
	</object>
</annotation>
