<annotation>
	<folder></folder>
	<filename>28_jpeg_jpg.rf.45bccc65c5ec610c4d4c2d2743cf7a89.jpg</filename>
	<path>28_jpeg_jpg.rf.45bccc65c5ec610c4d4c2d2743cf7a89.jpg</path>
	<source>
		<database>roboflow.com</database>
	</source>
	<size>
		<width>416</width>
		<height>416</height>
		<depth>3</depth>
	</size>
	<segmented>0</segmented>
	<object>
		<name>yellow-card</name>
		<pose>Unspecified</pose>
		<truncated>0</truncated>
		<difficult>0</difficult>
		<occluded>0</occluded>
		<bndbox>
			<xmin>113</xmin>
			<xmax>294</xmax>
			<ymin>6</ymin>
			<ymax>416</ymax>
		</bndbox>
	</object>
</annotation>
