<annotation>
	<folder></folder>
	<filename>28_jpg.rf.e00e561eed3083dd49218fbb8b51e0a3.jpg</filename>
	<path>28_jpg.rf.e00e561eed3083dd49218fbb8b51e0a3.jpg</path>
	<source>
		<database>roboflow.com</database>
	</source>
	<size>
		<width>416</width>
		<height>416</height>
		<depth>3</depth>
	</size>
	<segmented>0</segmented>
	<object>
		<name>substitution</name>
		<pose>Unspecified</pose>
		<truncated>0</truncated>
		<difficult>0</difficult>
		<occluded>0</occluded>
		<bndbox>
			<xmin>158</xmin>
			<xmax>226</xmax>
			<ymin>140</ymin>
			<ymax>224</ymax>
		</bndbox>
	</object>
</annotation>
