<annotation>
	<folder></folder>
	<filename>28_jpeg_jpg.rf.d85819da3c2d57e68d43dc3c43278baa.jpg</filename>
	<path>28_jpeg_jpg.rf.d85819da3c2d57e68d43dc3c43278baa.jpg</path>
	<source>
		<database>roboflow.com</database>
	</source>
	<size>
		<width>416</width>
		<height>416</height>
		<depth>3</depth>
	</size>
	<segmented>0</segmented>
	<object>
		<name>red-card</name>
		<pose>Unspecified</pose>
		<truncated>0</truncated>
		<difficult>0</difficult>
		<occluded>0</occluded>
		<bndbox>
			<xmin>87</xmin>
			<xmax>237</xmax>
			<ymin>4</ymin>
			<ymax>415</ymax>
		</bndbox>
	</object>
</annotation>
