<annotation>
	<folder></folder>
	<filename>28_jpg.rf.f9d0d28bcbdfea12fa6de8632af00fdb.jpg</filename>
	<path>28_jpg.rf.f9d0d28bcbdfea12fa6de8632af00fdb.jpg</path>
	<source>
		<database>roboflow.com</database>
	</source>
	<size>
		<width>416</width>
		<height>416</height>
		<depth>3</depth>
	</size>
	<segmented>0</segmented>
	<object>
		<name>shooting</name>
		<pose>Unspecified</pose>
		<truncated>0</truncated>
		<difficult>0</difficult>
		<occluded>0</occluded>
		<bndbox>
			<xmin>10</xmin>
			<xmax>407</xmax>
			<ymin>49</ymin>
			<ymax>386</ymax>
		</bndbox>
	</object>
</annotation>
