<annotation>
	<folder></folder>
	<filename>29_jpg.rf.f4dbe0c34fa3a64a7bc7ea90329a9142.jpg</filename>
	<path>29_jpg.rf.f4dbe0c34fa3a64a7bc7ea90329a9142.jpg</path>
	<source>
		<database>roboflow.com</database>
	</source>
	<size>
		<width>416</width>
		<height>416</height>
		<depth>3</depth>
	</size>
	<segmented>0</segmented>
	<object>
		<name>substitution</name>
		<pose>Unspecified</pose>
		<truncated>0</truncated>
		<difficult>0</difficult>
		<occluded>0</occluded>
		<bndbox>
			<xmin>114</xmin>
			<xmax>208</xmax>
			<ymin>61</ymin>
			<ymax>157</ymax>
		</bndbox>
	</object>
</annotation>
