<annotation>
	<folder></folder>
	<filename>29_jpg.rf.faa409ef661b26605be656d2fae29233.jpg</filename>
	<path>29_jpg.rf.faa409ef661b26605be656d2fae29233.jpg</path>
	<source>
		<database>roboflow.com</database>
	</source>
	<size>
		<width>416</width>
		<height>416</height>
		<depth>3</depth>
	</size>
	<segmented>0</segmented>
	<object>
		<name>free-kick</name>
		<pose>Unspecified</pose>
		<truncated>0</truncated>
		<difficult>0</difficult>
		<occluded>0</occluded>
		<bndbox>
			<xmin>187</xmin>
			<xmax>340</xmax>
			<ymin>106</ymin>
			<ymax>361</ymax>
		</bndbox>
	</object>
</annotation>
