<annotation>
	<folder></folder>
	<filename>29_jpg.rf.879dca3b964feca915a3edda45392b70.jpg</filename>
	<path>29_jpg.rf.879dca3b964feca915a3edda45392b70.jpg</path>
	<source>
		<database>roboflow.com</database>
	</source>
	<size>
		<width>416</width>
		<height>416</height>
		<depth>3</depth>
	</size>
	<segmented>0</segmented>
	<object>
		<name>yellow-card</name>
		<pose>Unspecified</pose>
		<truncated>0</truncated>
		<difficult>0</difficult>
		<occluded>0</occluded>
		<bndbox>
			<xmin>277</xmin>
			<xmax>299</xmax>
			<ymin>29</ymin>
			<ymax>75</ymax>
		</bndbox>
	</object>
</annotation>
