<annotation>
	<folder></folder>
	<filename>29_png_jpg.rf.fcd093b8152cfe0ca92101ea36448e02.jpg</filename>
	<path>29_png_jpg.rf.fcd093b8152cfe0ca92101ea36448e02.jpg</path>
	<source>
		<database>roboflow.com</database>
	</source>
	<size>
		<width>416</width>
		<height>416</height>
		<depth>3</depth>
	</size>
	<segmented>0</segmented>
	<object>
		<name>red-card</name>
		<pose>Unspecified</pose>
		<truncated>0</truncated>
		<difficult>0</difficult>
		<occluded>0</occluded>
		<bndbox>
			<xmin>277</xmin>
			<xmax>317</xmax>
			<ymin>13</ymin>
			<ymax>87</ymax>
		</bndbox>
	</object>
</annotation>
