<annotation>
	<folder></folder>
	<filename>2_jpg.rf.7c5ebe9e09ec7322abf4805e465aec70.jpg</filename>
	<path>2_jpg.rf.7c5ebe9e09ec7322abf4805e465aec70.jpg</path>
	<source>
		<database>roboflow.com</database>
	</source>
	<size>
		<width>416</width>
		<height>416</height>
		<depth>3</depth>
	</size>
	<segmented>0</segmented>
	<object>
		<name>corner-kick</name>
		<pose>Unspecified</pose>
		<truncated>0</truncated>
		<difficult>0</difficult>
		<occluded>0</occluded>
		<bndbox>
			<xmin>235</xmin>
			<xmax>312</xmax>
			<ymin>157</ymin>
			<ymax>408</ymax>
		</bndbox>
	</object>
</annotation>
