<annotation>
	<folder></folder>
	<filename>2_jpeg_jpg.rf.0b9d75ac2974dbb8485f2e09a8b9899f.jpg</filename>
	<path>2_jpeg_jpg.rf.0b9d75ac2974dbb8485f2e09a8b9899f.jpg</path>
	<source>
		<database>roboflow.com</database>
	</source>
	<size>
		<width>416</width>
		<height>416</height>
		<depth>3</depth>
	</size>
	<segmented>0</segmented>
	<object>
		<name>shooting</name>
		<pose>Unspecified</pose>
		<truncated>0</truncated>
		<difficult>0</difficult>
		<occluded>0</occluded>
		<bndbox>
			<xmin>29</xmin>
			<xmax>338</xmax>
			<ymin>16</ymin>
			<ymax>413</ymax>
		</bndbox>
	</object>
</annotation>
