<annotation>
	<folder></folder>
	<filename>2_jpg.rf.f9bf1fa8233a03f08169b8efadb12001.jpg</filename>
	<path>2_jpg.rf.f9bf1fa8233a03f08169b8efadb12001.jpg</path>
	<source>
		<database>roboflow.com</database>
	</source>
	<size>
		<width>416</width>
		<height>416</height>
		<depth>3</depth>
	</size>
	<segmented>0</segmented>
	<object>
		<name>free-kick</name>
		<pose>Unspecified</pose>
		<truncated>0</truncated>
		<difficult>0</difficult>
		<occluded>0</occluded>
		<bndbox>
			<xmin>200</xmin>
			<xmax>404</xmax>
			<ymin>32</ymin>
			<ymax>358</ymax>
		</bndbox>
	</object>
</annotation>
