<annotation>
	<folder></folder>
	<filename>30_jpg.rf.9ae104b60af114c13971815f55cb2235.jpg</filename>
	<path>30_jpg.rf.9ae104b60af114c13971815f55cb2235.jpg</path>
	<source>
		<database>roboflow.com</database>
	</source>
	<size>
		<width>416</width>
		<height>416</height>
		<depth>3</depth>
	</size>
	<segmented>0</segmented>
	<object>
		<name>corner-kick</name>
		<pose>Unspecified</pose>
		<truncated>0</truncated>
		<difficult>0</difficult>
		<occluded>0</occluded>
		<bndbox>
			<xmin>258</xmin>
			<xmax>340</xmax>
			<ymin>185</ymin>
			<ymax>390</ymax>
		</bndbox>
	</object>
</annotation>
