<annotation>
	<folder></folder>
	<filename>30_jpg.rf.914df76dd5888ae9c3c99b2b3d5d5369.jpg</filename>
	<path>30_jpg.rf.914df76dd5888ae9c3c99b2b3d5d5369.jpg</path>
	<source>
		<database>roboflow.com</database>
	</source>
	<size>
		<width>416</width>
		<height>416</height>
		<depth>3</depth>
	</size>
	<segmented>0</segmented>
	<object>
		<name>free-kick</name>
		<pose>Unspecified</pose>
		<truncated>0</truncated>
		<difficult>0</difficult>
		<occluded>0</occluded>
		<bndbox>
			<xmin>35</xmin>
			<xmax>364</xmax>
			<ymin>47</ymin>
			<ymax>395</ymax>
		</bndbox>
	</object>
</annotation>
