<annotation>
	<folder></folder>
	<filename>30_jpg.rf.5b929e9568f94986fb2737c3fd165c56.jpg</filename>
	<path>30_jpg.rf.5b929e9568f94986fb2737c3fd165c56.jpg</path>
	<source>
		<database>roboflow.com</database>
	</source>
	<size>
		<width>416</width>
		<height>416</height>
		<depth>3</depth>
	</size>
	<segmented>0</segmented>
	<object>
		<name>red-card</name>
		<pose>Unspecified</pose>
		<truncated>0</truncated>
		<difficult>0</difficult>
		<occluded>0</occluded>
		<bndbox>
			<xmin>124</xmin>
			<xmax>289</xmax>
			<ymin>13</ymin>
			<ymax>402</ymax>
		</bndbox>
	</object>
</annotation>
