<annotation>
	<folder></folder>
	<filename>30_jpg.rf.c8c983f73132ad2efdd7c78ee73de013.jpg</filename>
	<path>30_jpg.rf.c8c983f73132ad2efdd7c78ee73de013.jpg</path>
	<source>
		<database>roboflow.com</database>
	</source>
	<size>
		<width>416</width>
		<height>416</height>
		<depth>3</depth>
	</size>
	<segmented>0</segmented>
	<object>
		<name>free-kick</name>
		<pose>Unspecified</pose>
		<truncated>0</truncated>
		<difficult>0</difficult>
		<occluded>0</occluded>
		<bndbox>
			<xmin>35</xmin>
			<xmax>364</xmax>
			<ymin>47</ymin>
			<ymax>395</ymax>
		</bndbox>
	</object>
</annotation>
