<annotation>
	<folder></folder>
	<filename>31_jpg.rf.f6cdf9d289ad006d27e78d2a44165e3e.jpg</filename>
	<path>31_jpg.rf.f6cdf9d289ad006d27e78d2a44165e3e.jpg</path>
	<source>
		<database>roboflow.com</database>
	</source>
	<size>
		<width>416</width>
		<height>416</height>
		<depth>3</depth>
	</size>
	<segmented>0</segmented>
	<object>
		<name>substitution</name>
		<pose>Unspecified</pose>
		<truncated>0</truncated>
		<difficult>0</difficult>
		<occluded>0</occluded>
		<bndbox>
			<xmin>64</xmin>
			<xmax>363</xmax>
			<ymin>1</ymin>
			<ymax>254</ymax>
		</bndbox>
	</object>
</annotation>
