<annotation>
	<folder></folder>
	<filename>31_JPG_jpg.rf.e82f5c60fd5d0aebf967703dcd7b83d0.jpg</filename>
	<path>31_JPG_jpg.rf.e82f5c60fd5d0aebf967703dcd7b83d0.jpg</path>
	<source>
		<database>roboflow.com</database>
	</source>
	<size>
		<width>416</width>
		<height>416</height>
		<depth>3</depth>
	</size>
	<segmented>0</segmented>
	<object>
		<name>free-kick</name>
		<pose>Unspecified</pose>
		<truncated>0</truncated>
		<difficult>0</difficult>
		<occluded>0</occluded>
		<bndbox>
			<xmin>187</xmin>
			<xmax>288</xmax>
			<ymin>232</ymin>
			<ymax>341</ymax>
		</bndbox>
	</object>
</annotation>
