<annotation>
	<folder></folder>
	<filename>31_jpg.rf.b76175294c8e837f2a7618d7cba43995.jpg</filename>
	<path>31_jpg.rf.b76175294c8e837f2a7618d7cba43995.jpg</path>
	<source>
		<database>roboflow.com</database>
	</source>
	<size>
		<width>416</width>
		<height>416</height>
		<depth>3</depth>
	</size>
	<segmented>0</segmented>
	<object>
		<name>yellow-card</name>
		<pose>Unspecified</pose>
		<truncated>0</truncated>
		<difficult>0</difficult>
		<occluded>0</occluded>
		<bndbox>
			<xmin>228</xmin>
			<xmax>253</xmax>
			<ymin>7</ymin>
			<ymax>80</ymax>
		</bndbox>
	</object>
</annotation>
