<annotation>
	<folder></folder>
	<filename>31_jpg.rf.ebae1bb6b51eb0962e978328eef16f6e.jpg</filename>
	<path>31_jpg.rf.ebae1bb6b51eb0962e978328eef16f6e.jpg</path>
	<source>
		<database>roboflow.com</database>
	</source>
	<size>
		<width>416</width>
		<height>416</height>
		<depth>3</depth>
	</size>
	<segmented>0</segmented>
	<object>
		<name>corner-kick</name>
		<pose>Unspecified</pose>
		<truncated>0</truncated>
		<difficult>0</difficult>
		<occluded>0</occluded>
		<bndbox>
			<xmin>203</xmin>
			<xmax>365</xmax>
			<ymin>53</ymin>
			<ymax>390</ymax>
		</bndbox>
	</object>
</annotation>
