<annotation>
	<folder></folder>
	<filename>31_jpg.rf.4cc2ed896dc24c6d0de0a4757cb09a92.jpg</filename>
	<path>31_jpg.rf.4cc2ed896dc24c6d0de0a4757cb09a92.jpg</path>
	<source>
		<database>roboflow.com</database>
	</source>
	<size>
		<width>416</width>
		<height>416</height>
		<depth>3</depth>
	</size>
	<segmented>0</segmented>
	<object>
		<name>red-card</name>
		<pose>Unspecified</pose>
		<truncated>0</truncated>
		<difficult>0</difficult>
		<occluded>0</occluded>
		<bndbox>
			<xmin>126</xmin>
			<xmax>241</xmax>
			<ymin>22</ymin>
			<ymax>300</ymax>
		</bndbox>
	</object>
</annotation>
