<annotation>
	<folder></folder>
	<filename>32_jpg.rf.7b960333ef0a8dc1aeb64a979730af00.jpg</filename>
	<path>32_jpg.rf.7b960333ef0a8dc1aeb64a979730af00.jpg</path>
	<source>
		<database>roboflow.com</database>
	</source>
	<size>
		<width>416</width>
		<height>416</height>
		<depth>3</depth>
	</size>
	<segmented>0</segmented>
	<object>
		<name>substitution</name>
		<pose>Unspecified</pose>
		<truncated>0</truncated>
		<difficult>0</difficult>
		<occluded>0</occluded>
		<bndbox>
			<xmin>84</xmin>
			<xmax>155</xmax>
			<ymin>36</ymin>
			<ymax>109</ymax>
		</bndbox>
	</object>
</annotation>
