<annotation>
	<folder></folder>
	<filename>32_jpg.rf.0290cebeb9b9ae7f892bf5296115f8e0.jpg</filename>
	<path>32_jpg.rf.0290cebeb9b9ae7f892bf5296115f8e0.jpg</path>
	<source>
		<database>roboflow.com</database>
	</source>
	<size>
		<width>416</width>
		<height>416</height>
		<depth>3</depth>
	</size>
	<segmented>0</segmented>
	<object>
		<name>corner-kick</name>
		<pose>Unspecified</pose>
		<truncated>0</truncated>
		<difficult>0</difficult>
		<occluded>0</occluded>
		<bndbox>
			<xmin>194</xmin>
			<xmax>312</xmax>
			<ymin>2</ymin>
			<ymax>262</ymax>
		</bndbox>
	</object>
</annotation>
