<annotation>
	<folder></folder>
	<filename>32_jpg.rf.b34ade79d99421f5e57151961b766a75.jpg</filename>
	<path>32_jpg.rf.b34ade79d99421f5e57151961b766a75.jpg</path>
	<source>
		<database>roboflow.com</database>
	</source>
	<size>
		<width>416</width>
		<height>416</height>
		<depth>3</depth>
	</size>
	<segmented>0</segmented>
	<object>
		<name>yellow-card</name>
		<pose>Unspecified</pose>
		<truncated>0</truncated>
		<difficult>0</difficult>
		<occluded>0</occluded>
		<bndbox>
			<xmin>246</xmin>
			<xmax>290</xmax>
			<ymin>6</ymin>
			<ymax>81</ymax>
		</bndbox>
	</object>
</annotation>
