<annotation>
	<folder></folder>
	<filename>33_jpg.rf.4a01c9c53933a234b4d2fdfd138b1da5.jpg</filename>
	<path>33_jpg.rf.4a01c9c53933a234b4d2fdfd138b1da5.jpg</path>
	<source>
		<database>roboflow.com</database>
	</source>
	<size>
		<width>416</width>
		<height>416</height>
		<depth>3</depth>
	</size>
	<segmented>0</segmented>
	<object>
		<name>yellow-card</name>
		<pose>Unspecified</pose>
		<truncated>0</truncated>
		<difficult>0</difficult>
		<occluded>0</occluded>
		<bndbox>
			<xmin>127</xmin>
			<xmax>149</xmax>
			<ymin>40</ymin>
			<ymax>136</ymax>
		</bndbox>
	</object>
</annotation>
