<annotation>
	<folder></folder>
	<filename>33_jpg.rf.cdd9546458a552361a561a0164a9903c.jpg</filename>
	<path>33_jpg.rf.cdd9546458a552361a561a0164a9903c.jpg</path>
	<source>
		<database>roboflow.com</database>
	</source>
	<size>
		<width>416</width>
		<height>416</height>
		<depth>3</depth>
	</size>
	<segmented>0</segmented>
	<object>
		<name>substitution</name>
		<pose>Unspecified</pose>
		<truncated>0</truncated>
		<difficult>0</difficult>
		<occluded>0</occluded>
		<bndbox>
			<xmin>161</xmin>
			<xmax>289</xmax>
			<ymin>81</ymin>
			<ymax>265</ymax>
		</bndbox>
	</object>
</annotation>
