<annotation>
	<folder></folder>
	<filename>33_jpg.rf.ba8361fb09d803516db32fcac208da84.jpg</filename>
	<path>33_jpg.rf.ba8361fb09d803516db32fcac208da84.jpg</path>
	<source>
		<database>roboflow.com</database>
	</source>
	<size>
		<width>416</width>
		<height>416</height>
		<depth>3</depth>
	</size>
	<segmented>0</segmented>
	<object>
		<name>free-kick</name>
		<pose>Unspecified</pose>
		<truncated>0</truncated>
		<difficult>0</difficult>
		<occluded>0</occluded>
		<bndbox>
			<xmin>169</xmin>
			<xmax>226</xmax>
			<ymin>215</ymin>
			<ymax>306</ymax>
		</bndbox>
	</object>
</annotation>
