<annotation>
	<folder></folder>
	<filename>33_jpg.rf.f41ccd0452b8dbe30a1575cf8cf547c1.jpg</filename>
	<path>33_jpg.rf.f41ccd0452b8dbe30a1575cf8cf547c1.jpg</path>
	<source>
		<database>roboflow.com</database>
	</source>
	<size>
		<width>416</width>
		<height>416</height>
		<depth>3</depth>
	</size>
	<segmented>0</segmented>
	<object>
		<name>corner-kick</name>
		<pose>Unspecified</pose>
		<truncated>0</truncated>
		<difficult>0</difficult>
		<occluded>0</occluded>
		<bndbox>
			<xmin>302</xmin>
			<xmax>395</xmax>
			<ymin>121</ymin>
			<ymax>368</ymax>
		</bndbox>
	</object>
</annotation>
