<annotation>
	<folder></folder>
	<filename>34_jpg.rf.9a1999fdb4c5d13226a69dbd9bc3b676.jpg</filename>
	<path>34_jpg.rf.9a1999fdb4c5d13226a69dbd9bc3b676.jpg</path>
	<source>
		<database>roboflow.com</database>
	</source>
	<size>
		<width>416</width>
		<height>416</height>
		<depth>3</depth>
	</size>
	<segmented>0</segmented>
	<object>
		<name>red-card</name>
		<pose>Unspecified</pose>
		<truncated>0</truncated>
		<difficult>0</difficult>
		<occluded>0</occluded>
		<bndbox>
			<xmin>188</xmin>
			<xmax>220</xmax>
			<ymin>32</ymin>
			<ymax>122</ymax>
		</bndbox>
	</object>
</annotation>
