<annotation>
	<folder></folder>
	<filename>34_jpg.rf.6f1e83c1bbdf9567fd8ef0d826e3161f.jpg</filename>
	<path>34_jpg.rf.6f1e83c1bbdf9567fd8ef0d826e3161f.jpg</path>
	<source>
		<database>roboflow.com</database>
	</source>
	<size>
		<width>416</width>
		<height>416</height>
		<depth>3</depth>
	</size>
	<segmented>0</segmented>
	<object>
		<name>free-kick</name>
		<pose>Unspecified</pose>
		<truncated>0</truncated>
		<difficult>0</difficult>
		<occluded>0</occluded>
		<bndbox>
			<xmin>147</xmin>
			<xmax>210</xmax>
			<ymin>167</ymin>
			<ymax>250</ymax>
		</bndbox>
	</object>
</annotation>
