<annotation>
	<folder></folder>
	<filename>34_jpg.rf.b8db2080e42012d3a94173a9a848bd12.jpg</filename>
	<path>34_jpg.rf.b8db2080e42012d3a94173a9a848bd12.jpg</path>
	<source>
		<database>roboflow.com</database>
	</source>
	<size>
		<width>416</width>
		<height>416</height>
		<depth>3</depth>
	</size>
	<segmented>0</segmented>
	<object>
		<name>free-kick</name>
		<pose>Unspecified</pose>
		<truncated>0</truncated>
		<difficult>0</difficult>
		<occluded>0</occluded>
		<bndbox>
			<xmin>147</xmin>
			<xmax>210</xmax>
			<ymin>167</ymin>
			<ymax>250</ymax>
		</bndbox>
	</object>
</annotation>
