<annotation>
	<folder></folder>
	<filename>34_jpg.rf.6b062be220918ca9d49a7b6e201242f1.jpg</filename>
	<path>34_jpg.rf.6b062be220918ca9d49a7b6e201242f1.jpg</path>
	<source>
		<database>roboflow.com</database>
	</source>
	<size>
		<width>416</width>
		<height>416</height>
		<depth>3</depth>
	</size>
	<segmented>0</segmented>
	<object>
		<name>yellow-card</name>
		<pose>Unspecified</pose>
		<truncated>0</truncated>
		<difficult>0</difficult>
		<occluded>0</occluded>
		<bndbox>
			<xmin>192</xmin>
			<xmax>231</xmax>
			<ymin>31</ymin>
			<ymax>173</ymax>
		</bndbox>
	</object>
</annotation>
