<annotation>
	<folder></folder>
	<filename>35_jpg.rf.027227375d8ea82ad74a43fa8eade1dc.jpg</filename>
	<path>35_jpg.rf.027227375d8ea82ad74a43fa8eade1dc.jpg</path>
	<source>
		<database>roboflow.com</database>
	</source>
	<size>
		<width>416</width>
		<height>416</height>
		<depth>3</depth>
	</size>
	<segmented>0</segmented>
	<object>
		<name>shooting</name>
		<pose>Unspecified</pose>
		<truncated>0</truncated>
		<difficult>0</difficult>
		<occluded>0</occluded>
		<bndbox>
			<xmin>3</xmin>
			<xmax>393</xmax>
			<ymin>49</ymin>
			<ymax>373</ymax>
		</bndbox>
	</object>
</annotation>
