<annotation>
	<folder></folder>
	<filename>35_jpg.rf.1a9779931b702490d39a8eaa85213e72.jpg</filename>
	<path>35_jpg.rf.1a9779931b702490d39a8eaa85213e72.jpg</path>
	<source>
		<database>roboflow.com</database>
	</source>
	<size>
		<width>416</width>
		<height>416</height>
		<depth>3</depth>
	</size>
	<segmented>0</segmented>
	<object>
		<name>corner-kick</name>
		<pose>Unspecified</pose>
		<truncated>0</truncated>
		<difficult>0</difficult>
		<occluded>0</occluded>
		<bndbox>
			<xmin>259</xmin>
			<xmax>364</xmax>
			<ymin>188</ymin>
			<ymax>412</ymax>
		</bndbox>
	</object>
</annotation>
