<annotation>
	<folder></folder>
	<filename>35_jpg.rf.01cfbe1978f13f75585d072cdbf2bd56.jpg</filename>
	<path>35_jpg.rf.01cfbe1978f13f75585d072cdbf2bd56.jpg</path>
	<source>
		<database>roboflow.com</database>
	</source>
	<size>
		<width>416</width>
		<height>416</height>
		<depth>3</depth>
	</size>
	<segmented>0</segmented>
	<object>
		<name>shooting</name>
		<pose>Unspecified</pose>
		<truncated>0</truncated>
		<difficult>0</difficult>
		<occluded>0</occluded>
		<bndbox>
			<xmin>3</xmin>
			<xmax>393</xmax>
			<ymin>49</ymin>
			<ymax>373</ymax>
		</bndbox>
	</object>
</annotation>
