<annotation>
	<folder></folder>
	<filename>35_jpg.rf.e7fd33d1e81542b24c769ca64d03bfe5.jpg</filename>
	<path>35_jpg.rf.e7fd33d1e81542b24c769ca64d03bfe5.jpg</path>
	<source>
		<database>roboflow.com</database>
	</source>
	<size>
		<width>416</width>
		<height>416</height>
		<depth>3</depth>
	</size>
	<segmented>0</segmented>
	<object>
		<name>substitution</name>
		<pose>Unspecified</pose>
		<truncated>0</truncated>
		<difficult>0</difficult>
		<occluded>0</occluded>
		<bndbox>
			<xmin>40</xmin>
			<xmax>305</xmax>
			<ymin>21</ymin>
			<ymax>193</ymax>
		</bndbox>
	</object>
</annotation>
