<annotation>
	<folder></folder>
	<filename>36_jpg.rf.88f345c9b634abf38232fe5eaff67588.jpg</filename>
	<path>36_jpg.rf.88f345c9b634abf38232fe5eaff67588.jpg</path>
	<source>
		<database>roboflow.com</database>
	</source>
	<size>
		<width>416</width>
		<height>416</height>
		<depth>3</depth>
	</size>
	<segmented>0</segmented>
	<object>
		<name>free-kick</name>
		<pose>Unspecified</pose>
		<truncated>0</truncated>
		<difficult>0</difficult>
		<occluded>0</occluded>
		<bndbox>
			<xmin>21</xmin>
			<xmax>238</xmax>
			<ymin>33</ymin>
			<ymax>332</ymax>
		</bndbox>
	</object>
</annotation>
