<annotation>
	<folder></folder>
	<filename>36_jpg.rf.417cddebe5adc0fb65956cefdf28defa.jpg</filename>
	<path>36_jpg.rf.417cddebe5adc0fb65956cefdf28defa.jpg</path>
	<source>
		<database>roboflow.com</database>
	</source>
	<size>
		<width>416</width>
		<height>416</height>
		<depth>3</depth>
	</size>
	<segmented>0</segmented>
	<object>
		<name>corner-kick</name>
		<pose>Unspecified</pose>
		<truncated>0</truncated>
		<difficult>0</difficult>
		<occluded>0</occluded>
		<bndbox>
			<xmin>300</xmin>
			<xmax>383</xmax>
			<ymin>164</ymin>
			<ymax>334</ymax>
		</bndbox>
	</object>
</annotation>
