<annotation>
	<folder></folder>
	<filename>36_jpg.rf.51727310f9d4bbf12c3aaa2e65334943.jpg</filename>
	<path>36_jpg.rf.51727310f9d4bbf12c3aaa2e65334943.jpg</path>
	<source>
		<database>roboflow.com</database>
	</source>
	<size>
		<width>416</width>
		<height>416</height>
		<depth>3</depth>
	</size>
	<segmented>0</segmented>
	<object>
		<name>shooting</name>
		<pose>Unspecified</pose>
		<truncated>0</truncated>
		<difficult>0</difficult>
		<occluded>0</occluded>
		<bndbox>
			<xmin>125</xmin>
			<xmax>260</xmax>
			<ymin>14</ymin>
			<ymax>394</ymax>
		</bndbox>
	</object>
</annotation>
