<annotation>
	<folder></folder>
	<filename>36_jpg.rf.7c4da9299f6bed6a97fadb5be7a192b9.jpg</filename>
	<path>36_jpg.rf.7c4da9299f6bed6a97fadb5be7a192b9.jpg</path>
	<source>
		<database>roboflow.com</database>
	</source>
	<size>
		<width>416</width>
		<height>416</height>
		<depth>3</depth>
	</size>
	<segmented>0</segmented>
	<object>
		<name>red-card</name>
		<pose>Unspecified</pose>
		<truncated>0</truncated>
		<difficult>0</difficult>
		<occluded>0</occluded>
		<bndbox>
			<xmin>232</xmin>
			<xmax>273</xmax>
			<ymin>21</ymin>
			<ymax>161</ymax>
		</bndbox>
	</object>
</annotation>
