<annotation>
	<folder></folder>
	<filename>37_jpg.rf.01383c8474da5c2132208f8ed96a6e83.jpg</filename>
	<path>37_jpg.rf.01383c8474da5c2132208f8ed96a6e83.jpg</path>
	<source>
		<database>roboflow.com</database>
	</source>
	<size>
		<width>416</width>
		<height>416</height>
		<depth>3</depth>
	</size>
	<segmented>0</segmented>
	<object>
		<name>substitution</name>
		<pose>Unspecified</pose>
		<truncated>0</truncated>
		<difficult>0</difficult>
		<occluded>0</occluded>
		<bndbox>
			<xmin>112</xmin>
			<xmax>233</xmax>
			<ymin>17</ymin>
			<ymax>167</ymax>
		</bndbox>
	</object>
</annotation>
