<annotation>
	<folder></folder>
	<filename>37_jpg.rf.346b71952fae394b2f5038590fe424a1.jpg</filename>
	<path>37_jpg.rf.346b71952fae394b2f5038590fe424a1.jpg</path>
	<source>
		<database>roboflow.com</database>
	</source>
	<size>
		<width>416</width>
		<height>416</height>
		<depth>3</depth>
	</size>
	<segmented>0</segmented>
	<object>
		<name>corner-kick</name>
		<pose>Unspecified</pose>
		<truncated>0</truncated>
		<difficult>0</difficult>
		<occluded>0</occluded>
		<bndbox>
			<xmin>68</xmin>
			<xmax>139</xmax>
			<ymin>181</ymin>
			<ymax>342</ymax>
		</bndbox>
	</object>
</annotation>
