<annotation>
	<folder></folder>
	<filename>37_jpg.rf.1e88f86c4356eb0a3ef8abffc46690ea.jpg</filename>
	<path>37_jpg.rf.1e88f86c4356eb0a3ef8abffc46690ea.jpg</path>
	<source>
		<database>roboflow.com</database>
	</source>
	<size>
		<width>416</width>
		<height>416</height>
		<depth>3</depth>
	</size>
	<segmented>0</segmented>
	<object>
		<name>red-card</name>
		<pose>Unspecified</pose>
		<truncated>0</truncated>
		<difficult>0</difficult>
		<occluded>0</occluded>
		<bndbox>
			<xmin>159</xmin>
			<xmax>186</xmax>
			<ymin>55</ymin>
			<ymax>85</ymax>
		</bndbox>
	</object>
</annotation>
