<annotation>
	<folder></folder>
	<filename>37_jpg.rf.49cd070728457a034d49b0d4720fee2e.jpg</filename>
	<path>37_jpg.rf.49cd070728457a034d49b0d4720fee2e.jpg</path>
	<source>
		<database>roboflow.com</database>
	</source>
	<size>
		<width>416</width>
		<height>416</height>
		<depth>3</depth>
	</size>
	<segmented>0</segmented>
	<object>
		<name>shooting</name>
		<pose>Unspecified</pose>
		<truncated>0</truncated>
		<difficult>0</difficult>
		<occluded>0</occluded>
		<bndbox>
			<xmin>20</xmin>
			<xmax>413</xmax>
			<ymin>61</ymin>
			<ymax>401</ymax>
		</bndbox>
	</object>
</annotation>
