<annotation>
	<folder></folder>
	<filename>37_png_jpg.rf.fb67ed58f62d5fa9c2fdc69e4cf446d2.jpg</filename>
	<path>37_png_jpg.rf.fb67ed58f62d5fa9c2fdc69e4cf446d2.jpg</path>
	<source>
		<database>roboflow.com</database>
	</source>
	<size>
		<width>416</width>
		<height>416</height>
		<depth>3</depth>
	</size>
	<segmented>0</segmented>
	<object>
		<name>free-kick</name>
		<pose>Unspecified</pose>
		<truncated>0</truncated>
		<difficult>0</difficult>
		<occluded>0</occluded>
		<bndbox>
			<xmin>191</xmin>
			<xmax>416</xmax>
			<ymin>60</ymin>
			<ymax>386</ymax>
		</bndbox>
	</object>
</annotation>
