<annotation>
	<folder></folder>
	<filename>38_jpg.rf.447ad2e4416efd18d5b84ce8d75914c6.jpg</filename>
	<path>38_jpg.rf.447ad2e4416efd18d5b84ce8d75914c6.jpg</path>
	<source>
		<database>roboflow.com</database>
	</source>
	<size>
		<width>416</width>
		<height>416</height>
		<depth>3</depth>
	</size>
	<segmented>0</segmented>
	<object>
		<name>yellow-card</name>
		<pose>Unspecified</pose>
		<truncated>0</truncated>
		<difficult>0</difficult>
		<occluded>0</occluded>
		<bndbox>
			<xmin>42</xmin>
			<xmax>275</xmax>
			<ymin>73</ymin>
			<ymax>332</ymax>
		</bndbox>
	</object>
</annotation>
