<annotation>
	<folder></folder>
	<filename>38_jpg.rf.ab686042b595600a5adbb6cd082ccd91.jpg</filename>
	<path>38_jpg.rf.ab686042b595600a5adbb6cd082ccd91.jpg</path>
	<source>
		<database>roboflow.com</database>
	</source>
	<size>
		<width>416</width>
		<height>416</height>
		<depth>3</depth>
	</size>
	<segmented>0</segmented>
	<object>
		<name>red-card</name>
		<pose>Unspecified</pose>
		<truncated>0</truncated>
		<difficult>0</difficult>
		<occluded>0</occluded>
		<bndbox>
			<xmin>87</xmin>
			<xmax>160</xmax>
			<ymin>1</ymin>
			<ymax>129</ymax>
		</bndbox>
	</object>
</annotation>
