<annotation>
	<folder></folder>
	<filename>39_jpg.rf.81eecf3f9ec065b2a6f3db555628a2bb.jpg</filename>
	<path>39_jpg.rf.81eecf3f9ec065b2a6f3db555628a2bb.jpg</path>
	<source>
		<database>roboflow.com</database>
	</source>
	<size>
		<width>416</width>
		<height>416</height>
		<depth>3</depth>
	</size>
	<segmented>0</segmented>
	<object>
		<name>shooting</name>
		<pose>Unspecified</pose>
		<truncated>0</truncated>
		<difficult>0</difficult>
		<occluded>0</occluded>
		<bndbox>
			<xmin>41</xmin>
			<xmax>351</xmax>
			<ymin>26</ymin>
			<ymax>401</ymax>
		</bndbox>
	</object>
</annotation>
