<annotation>
	<folder></folder>
	<filename>39_jpg.rf.109f2291d433e2a5222fc8e8d2949d58.jpg</filename>
	<path>39_jpg.rf.109f2291d433e2a5222fc8e8d2949d58.jpg</path>
	<source>
		<database>roboflow.com</database>
	</source>
	<size>
		<width>416</width>
		<height>416</height>
		<depth>3</depth>
	</size>
	<segmented>0</segmented>
	<object>
		<name>corner-kick</name>
		<pose>Unspecified</pose>
		<truncated>0</truncated>
		<difficult>0</difficult>
		<occluded>0</occluded>
		<bndbox>
			<xmin>156</xmin>
			<xmax>270</xmax>
			<ymin>182</ymin>
			<ymax>363</ymax>
		</bndbox>
	</object>
</annotation>
