<annotation>
	<folder></folder>
	<filename>39_jpg.rf.590daf0fe6d2dfb680bec6385b4ad324.jpg</filename>
	<path>39_jpg.rf.590daf0fe6d2dfb680bec6385b4ad324.jpg</path>
	<source>
		<database>roboflow.com</database>
	</source>
	<size>
		<width>416</width>
		<height>416</height>
		<depth>3</depth>
	</size>
	<segmented>0</segmented>
	<object>
		<name>free-kick</name>
		<pose>Unspecified</pose>
		<truncated>0</truncated>
		<difficult>0</difficult>
		<occluded>0</occluded>
		<bndbox>
			<xmin>126</xmin>
			<xmax>396</xmax>
			<ymin>29</ymin>
			<ymax>401</ymax>
		</bndbox>
	</object>
</annotation>
