<annotation>
	<folder></folder>
	<filename>39_png_jpg.rf.0ab500f87089458c077ed9f2ceaa3c27.jpg</filename>
	<path>39_png_jpg.rf.0ab500f87089458c077ed9f2ceaa3c27.jpg</path>
	<source>
		<database>roboflow.com</database>
	</source>
	<size>
		<width>416</width>
		<height>416</height>
		<depth>3</depth>
	</size>
	<segmented>0</segmented>
	<object>
		<name>yellow-card</name>
		<pose>Unspecified</pose>
		<truncated>0</truncated>
		<difficult>0</difficult>
		<occluded>0</occluded>
		<bndbox>
			<xmin>141</xmin>
			<xmax>225</xmax>
			<ymin>77</ymin>
			<ymax>325</ymax>
		</bndbox>
	</object>
</annotation>
