<annotation>
	<folder></folder>
	<filename>3_jpg.rf.58bd52cb174bbe21ccbadaec20bf0cb3.jpg</filename>
	<path>3_jpg.rf.58bd52cb174bbe21ccbadaec20bf0cb3.jpg</path>
	<source>
		<database>roboflow.com</database>
	</source>
	<size>
		<width>416</width>
		<height>416</height>
		<depth>3</depth>
	</size>
	<segmented>0</segmented>
	<object>
		<name>substitution</name>
		<pose>Unspecified</pose>
		<truncated>0</truncated>
		<difficult>0</difficult>
		<occluded>0</occluded>
		<bndbox>
			<xmin>48</xmin>
			<xmax>197</xmax>
			<ymin>36</ymin>
			<ymax>157</ymax>
		</bndbox>
	</object>
</annotation>
