<annotation>
	<folder></folder>
	<filename>3_jpg.rf.e9281b25eea25c55fe9ad13475a90b03.jpg</filename>
	<path>3_jpg.rf.e9281b25eea25c55fe9ad13475a90b03.jpg</path>
	<source>
		<database>roboflow.com</database>
	</source>
	<size>
		<width>416</width>
		<height>416</height>
		<depth>3</depth>
	</size>
	<segmented>0</segmented>
	<object>
		<name>yellow-card</name>
		<pose>Unspecified</pose>
		<truncated>0</truncated>
		<difficult>0</difficult>
		<occluded>0</occluded>
		<bndbox>
			<xmin>77</xmin>
			<xmax>192</xmax>
			<ymin>53</ymin>
			<ymax>387</ymax>
		</bndbox>
	</object>
</annotation>
