<annotation>
	<folder></folder>
	<filename>40_jpg.rf.726fcbeeac4dd8f36dfa97ebf9708380.jpg</filename>
	<path>40_jpg.rf.726fcbeeac4dd8f36dfa97ebf9708380.jpg</path>
	<source>
		<database>roboflow.com</database>
	</source>
	<size>
		<width>416</width>
		<height>416</height>
		<depth>3</depth>
	</size>
	<segmented>0</segmented>
	<object>
		<name>yellow-card</name>
		<pose>Unspecified</pose>
		<truncated>0</truncated>
		<difficult>0</difficult>
		<occluded>0</occluded>
		<bndbox>
			<xmin>149</xmin>
			<xmax>169</xmax>
			<ymin>24</ymin>
			<ymax>69</ymax>
		</bndbox>
	</object>
</annotation>
