<annotation>
	<folder></folder>
	<filename>40_jpg.rf.3b818a42ed07c020138de2bcdbf13d88.jpg</filename>
	<path>40_jpg.rf.3b818a42ed07c020138de2bcdbf13d88.jpg</path>
	<source>
		<database>roboflow.com</database>
	</source>
	<size>
		<width>416</width>
		<height>416</height>
		<depth>3</depth>
	</size>
	<segmented>0</segmented>
	<object>
		<name>red-card</name>
		<pose>Unspecified</pose>
		<truncated>0</truncated>
		<difficult>0</difficult>
		<occluded>0</occluded>
		<bndbox>
			<xmin>325</xmin>
			<xmax>353</xmax>
			<ymin>14</ymin>
			<ymax>84</ymax>
		</bndbox>
	</object>
</annotation>
