<annotation>
	<folder></folder>
	<filename>40_jpg.rf.bfa446a6acd127f0fa902307c5910966.jpg</filename>
	<path>40_jpg.rf.bfa446a6acd127f0fa902307c5910966.jpg</path>
	<source>
		<database>roboflow.com</database>
	</source>
	<size>
		<width>416</width>
		<height>416</height>
		<depth>3</depth>
	</size>
	<segmented>0</segmented>
	<object>
		<name>shooting</name>
		<pose>Unspecified</pose>
		<truncated>0</truncated>
		<difficult>0</difficult>
		<occluded>0</occluded>
		<bndbox>
			<xmin>74</xmin>
			<xmax>341</xmax>
			<ymin>5</ymin>
			<ymax>402</ymax>
		</bndbox>
	</object>
</annotation>
