<annotation>
	<folder></folder>
	<filename>40_jpg.rf.da731628a13ad875f75de78f4898e6fe.jpg</filename>
	<path>40_jpg.rf.da731628a13ad875f75de78f4898e6fe.jpg</path>
	<source>
		<database>roboflow.com</database>
	</source>
	<size>
		<width>416</width>
		<height>416</height>
		<depth>3</depth>
	</size>
	<segmented>0</segmented>
	<object>
		<name>substitution</name>
		<pose>Unspecified</pose>
		<truncated>0</truncated>
		<difficult>0</difficult>
		<occluded>0</occluded>
		<bndbox>
			<xmin>252</xmin>
			<xmax>321</xmax>
			<ymin>59</ymin>
			<ymax>132</ymax>
		</bndbox>
	</object>
</annotation>
