<annotation>
	<folder></folder>
	<filename>40_jpg.rf.44a1267ceec0cb059c867933fd952500.jpg</filename>
	<path>40_jpg.rf.44a1267ceec0cb059c867933fd952500.jpg</path>
	<source>
		<database>roboflow.com</database>
	</source>
	<size>
		<width>416</width>
		<height>416</height>
		<depth>3</depth>
	</size>
	<segmented>0</segmented>
	<object>
		<name>corner-kick</name>
		<pose>Unspecified</pose>
		<truncated>0</truncated>
		<difficult>0</difficult>
		<occluded>0</occluded>
		<bndbox>
			<xmin>261</xmin>
			<xmax>356</xmax>
			<ymin>206</ymin>
			<ymax>414</ymax>
		</bndbox>
	</object>
</annotation>
