<annotation>
	<folder></folder>
	<filename>41_jpg.rf.bb72cb9f7fd17f8799f0358d106e8c14.jpg</filename>
	<path>41_jpg.rf.bb72cb9f7fd17f8799f0358d106e8c14.jpg</path>
	<source>
		<database>roboflow.com</database>
	</source>
	<size>
		<width>416</width>
		<height>416</height>
		<depth>3</depth>
	</size>
	<segmented>0</segmented>
	<object>
		<name>substitution</name>
		<pose>Unspecified</pose>
		<truncated>0</truncated>
		<difficult>0</difficult>
		<occluded>0</occluded>
		<bndbox>
			<xmin>119</xmin>
			<xmax>232</xmax>
			<ymin>7</ymin>
			<ymax>184</ymax>
		</bndbox>
	</object>
</annotation>
