<annotation>
	<folder></folder>
	<filename>41_jpg.rf.6e41bf8efa47c370a53197cc63ef7f61.jpg</filename>
	<path>41_jpg.rf.6e41bf8efa47c370a53197cc63ef7f61.jpg</path>
	<source>
		<database>roboflow.com</database>
	</source>
	<size>
		<width>416</width>
		<height>416</height>
		<depth>3</depth>
	</size>
	<segmented>0</segmented>
	<object>
		<name>red-card</name>
		<pose>Unspecified</pose>
		<truncated>0</truncated>
		<difficult>0</difficult>
		<occluded>0</occluded>
		<bndbox>
			<xmin>282</xmin>
			<xmax>318</xmax>
			<ymin>4</ymin>
			<ymax>88</ymax>
		</bndbox>
	</object>
</annotation>
