<annotation>
	<folder></folder>
	<filename>41_jpg.rf.c4d55e0cfecb996970d017f93258832d.jpg</filename>
	<path>41_jpg.rf.c4d55e0cfecb996970d017f93258832d.jpg</path>
	<source>
		<database>roboflow.com</database>
	</source>
	<size>
		<width>416</width>
		<height>416</height>
		<depth>3</depth>
	</size>
	<segmented>0</segmented>
	<object>
		<name>free-kick</name>
		<pose>Unspecified</pose>
		<truncated>0</truncated>
		<difficult>0</difficult>
		<occluded>0</occluded>
		<bndbox>
			<xmin>211</xmin>
			<xmax>276</xmax>
			<ymin>208</ymin>
			<ymax>350</ymax>
		</bndbox>
	</object>
</annotation>
