<annotation>
	<folder></folder>
	<filename>41_jpg.rf.851f85ea6a3ac0a2b3aaf2452cc56ff2.jpg</filename>
	<path>41_jpg.rf.851f85ea6a3ac0a2b3aaf2452cc56ff2.jpg</path>
	<source>
		<database>roboflow.com</database>
	</source>
	<size>
		<width>416</width>
		<height>416</height>
		<depth>3</depth>
	</size>
	<segmented>0</segmented>
	<object>
		<name>yellow-card</name>
		<pose>Unspecified</pose>
		<truncated>0</truncated>
		<difficult>0</difficult>
		<occluded>0</occluded>
		<bndbox>
			<xmin>81</xmin>
			<xmax>193</xmax>
			<ymin>73</ymin>
			<ymax>191</ymax>
		</bndbox>
	</object>
</annotation>
