<annotation>
	<folder></folder>
	<filename>42_jpg.rf.d2fc1abb718f34f335f52886ec8be558.jpg</filename>
	<path>42_jpg.rf.d2fc1abb718f34f335f52886ec8be558.jpg</path>
	<source>
		<database>roboflow.com</database>
	</source>
	<size>
		<width>416</width>
		<height>416</height>
		<depth>3</depth>
	</size>
	<segmented>0</segmented>
	<object>
		<name>red-card</name>
		<pose>Unspecified</pose>
		<truncated>0</truncated>
		<difficult>0</difficult>
		<occluded>0</occluded>
		<bndbox>
			<xmin>323</xmin>
			<xmax>370</xmax>
			<ymin>13</ymin>
			<ymax>86</ymax>
		</bndbox>
	</object>
</annotation>
