<annotation>
	<folder></folder>
	<filename>42_jpg.rf.13810ef9631c51f50ec8a67048226be9.jpg</filename>
	<path>42_jpg.rf.13810ef9631c51f50ec8a67048226be9.jpg</path>
	<source>
		<database>roboflow.com</database>
	</source>
	<size>
		<width>416</width>
		<height>416</height>
		<depth>3</depth>
	</size>
	<segmented>0</segmented>
	<object>
		<name>substitution</name>
		<pose>Unspecified</pose>
		<truncated>0</truncated>
		<difficult>0</difficult>
		<occluded>0</occluded>
		<bndbox>
			<xmin>138</xmin>
			<xmax>262</xmax>
			<ymin>64</ymin>
			<ymax>148</ymax>
		</bndbox>
	</object>
</annotation>
