<annotation>
	<folder></folder>
	<filename>42_jpg.rf.a4a1bd02dc94c4cc790fd5230493de56.jpg</filename>
	<path>42_jpg.rf.a4a1bd02dc94c4cc790fd5230493de56.jpg</path>
	<source>
		<database>roboflow.com</database>
	</source>
	<size>
		<width>416</width>
		<height>416</height>
		<depth>3</depth>
	</size>
	<segmented>0</segmented>
	<object>
		<name>free-kick</name>
		<pose>Unspecified</pose>
		<truncated>0</truncated>
		<difficult>0</difficult>
		<occluded>0</occluded>
		<bndbox>
			<xmin>78</xmin>
			<xmax>366</xmax>
			<ymin>72</ymin>
			<ymax>354</ymax>
		</bndbox>
	</object>
</annotation>
