<annotation>
	<folder></folder>
	<filename>42_jpg.rf.5e5097393c299983d39a4bd0a82951cd.jpg</filename>
	<path>42_jpg.rf.5e5097393c299983d39a4bd0a82951cd.jpg</path>
	<source>
		<database>roboflow.com</database>
	</source>
	<size>
		<width>416</width>
		<height>416</height>
		<depth>3</depth>
	</size>
	<segmented>0</segmented>
	<object>
		<name>shooting</name>
		<pose>Unspecified</pose>
		<truncated>0</truncated>
		<difficult>0</difficult>
		<occluded>0</occluded>
		<bndbox>
			<xmin>214</xmin>
			<xmax>388</xmax>
			<ymin>36</ymin>
			<ymax>416</ymax>
		</bndbox>
	</object>
</annotation>
