<annotation>
	<folder></folder>
	<filename>42_jpg.rf.5edba9cffe423b2b5b1ee12ec8bce119.jpg</filename>
	<path>42_jpg.rf.5edba9cffe423b2b5b1ee12ec8bce119.jpg</path>
	<source>
		<database>roboflow.com</database>
	</source>
	<size>
		<width>416</width>
		<height>416</height>
		<depth>3</depth>
	</size>
	<segmented>0</segmented>
	<object>
		<name>yellow-card</name>
		<pose>Unspecified</pose>
		<truncated>0</truncated>
		<difficult>0</difficult>
		<occluded>0</occluded>
		<bndbox>
			<xmin>232</xmin>
			<xmax>297</xmax>
			<ymin>84</ymin>
			<ymax>218</ymax>
		</bndbox>
	</object>
</annotation>
