<annotation>
	<folder></folder>
	<filename>42_jpg.rf.a4cf4272a4580c858efe533c3036068c.jpg</filename>
	<path>42_jpg.rf.a4cf4272a4580c858efe533c3036068c.jpg</path>
	<source>
		<database>roboflow.com</database>
	</source>
	<size>
		<width>416</width>
		<height>416</height>
		<depth>3</depth>
	</size>
	<segmented>0</segmented>
	<object>
		<name>corner-kick</name>
		<pose>Unspecified</pose>
		<truncated>0</truncated>
		<difficult>0</difficult>
		<occluded>0</occluded>
		<bndbox>
			<xmin>218</xmin>
			<xmax>318</xmax>
			<ymin>129</ymin>
			<ymax>379</ymax>
		</bndbox>
	</object>
</annotation>
