<annotation>
	<folder></folder>
	<filename>43_jpg.rf.0180841828e5ccc475b71dc02e247bd8.jpg</filename>
	<path>43_jpg.rf.0180841828e5ccc475b71dc02e247bd8.jpg</path>
	<source>
		<database>roboflow.com</database>
	</source>
	<size>
		<width>416</width>
		<height>416</height>
		<depth>3</depth>
	</size>
	<segmented>0</segmented>
	<object>
		<name>substitution</name>
		<pose>Unspecified</pose>
		<truncated>0</truncated>
		<difficult>0</difficult>
		<occluded>0</occluded>
		<bndbox>
			<xmin>17</xmin>
			<xmax>400</xmax>
			<ymin>68</ymin>
			<ymax>326</ymax>
		</bndbox>
	</object>
</annotation>
