<annotation>
	<folder></folder>
	<filename>43_jpeg_jpg.rf.03078e763880920a035e7f0a21ad22e1.jpg</filename>
	<path>43_jpeg_jpg.rf.03078e763880920a035e7f0a21ad22e1.jpg</path>
	<source>
		<database>roboflow.com</database>
	</source>
	<size>
		<width>416</width>
		<height>416</height>
		<depth>3</depth>
	</size>
	<segmented>0</segmented>
	<object>
		<name>free-kick</name>
		<pose>Unspecified</pose>
		<truncated>0</truncated>
		<difficult>0</difficult>
		<occluded>0</occluded>
		<bndbox>
			<xmin>134</xmin>
			<xmax>341</xmax>
			<ymin>162</ymin>
			<ymax>309</ymax>
		</bndbox>
	</object>
</annotation>
