<annotation>
	<folder></folder>
	<filename>44_jpg.rf.eafc841a2bb75650245833da10b7e405.jpg</filename>
	<path>44_jpg.rf.eafc841a2bb75650245833da10b7e405.jpg</path>
	<source>
		<database>roboflow.com</database>
	</source>
	<size>
		<width>416</width>
		<height>416</height>
		<depth>3</depth>
	</size>
	<segmented>0</segmented>
	<object>
		<name>free-kick</name>
		<pose>Unspecified</pose>
		<truncated>0</truncated>
		<difficult>0</difficult>
		<occluded>0</occluded>
		<bndbox>
			<xmin>155</xmin>
			<xmax>321</xmax>
			<ymin>63</ymin>
			<ymax>329</ymax>
		</bndbox>
	</object>
</annotation>
