<annotation>
	<folder></folder>
	<filename>44_jpg.rf.152ec83da02f302d0c3a11e05708f19b.jpg</filename>
	<path>44_jpg.rf.152ec83da02f302d0c3a11e05708f19b.jpg</path>
	<source>
		<database>roboflow.com</database>
	</source>
	<size>
		<width>416</width>
		<height>416</height>
		<depth>3</depth>
	</size>
	<segmented>0</segmented>
	<object>
		<name>red-card</name>
		<pose>Unspecified</pose>
		<truncated>0</truncated>
		<difficult>0</difficult>
		<occluded>0</occluded>
		<bndbox>
			<xmin>277</xmin>
			<xmax>325</xmax>
			<ymin>1</ymin>
			<ymax>145</ymax>
		</bndbox>
	</object>
</annotation>
