<annotation>
	<folder></folder>
	<filename>45_jpeg_jpg.rf.a6bcd5aa71134a04fc6e2b4e78514d46.jpg</filename>
	<path>45_jpeg_jpg.rf.a6bcd5aa71134a04fc6e2b4e78514d46.jpg</path>
	<source>
		<database>roboflow.com</database>
	</source>
	<size>
		<width>416</width>
		<height>416</height>
		<depth>3</depth>
	</size>
	<segmented>0</segmented>
	<object>
		<name>yellow-card</name>
		<pose>Unspecified</pose>
		<truncated>0</truncated>
		<difficult>0</difficult>
		<occluded>0</occluded>
		<bndbox>
			<xmin>275</xmin>
			<xmax>367</xmax>
			<ymin>72</ymin>
			<ymax>364</ymax>
		</bndbox>
	</object>
</annotation>
