<annotation>
	<folder></folder>
	<filename>45_jpg.rf.04c4abe6338d30eaa34e8ca2addfbcd0.jpg</filename>
	<path>45_jpg.rf.04c4abe6338d30eaa34e8ca2addfbcd0.jpg</path>
	<source>
		<database>roboflow.com</database>
	</source>
	<size>
		<width>416</width>
		<height>416</height>
		<depth>3</depth>
	</size>
	<segmented>0</segmented>
	<object>
		<name>red-card</name>
		<pose>Unspecified</pose>
		<truncated>0</truncated>
		<difficult>0</difficult>
		<occluded>0</occluded>
		<bndbox>
			<xmin>272</xmin>
			<xmax>319</xmax>
			<ymin>62</ymin>
			<ymax>218</ymax>
		</bndbox>
	</object>
</annotation>
