<annotation>
	<folder></folder>
	<filename>45_jpg.rf.f4908b7d98a7ccd02e6f4cbbd3e4d8e1.jpg</filename>
	<path>45_jpg.rf.f4908b7d98a7ccd02e6f4cbbd3e4d8e1.jpg</path>
	<source>
		<database>roboflow.com</database>
	</source>
	<size>
		<width>416</width>
		<height>416</height>
		<depth>3</depth>
	</size>
	<segmented>0</segmented>
	<object>
		<name>free-kick</name>
		<pose>Unspecified</pose>
		<truncated>0</truncated>
		<difficult>0</difficult>
		<occluded>0</occluded>
		<bndbox>
			<xmin>225</xmin>
			<xmax>391</xmax>
			<ymin>133</ymin>
			<ymax>401</ymax>
		</bndbox>
	</object>
</annotation>
