<annotation>
	<folder></folder>
	<filename>45_jpg.rf.ae7c8838811058e96dedea3d26698381.jpg</filename>
	<path>45_jpg.rf.ae7c8838811058e96dedea3d26698381.jpg</path>
	<source>
		<database>roboflow.com</database>
	</source>
	<size>
		<width>416</width>
		<height>416</height>
		<depth>3</depth>
	</size>
	<segmented>0</segmented>
	<object>
		<name>substitution</name>
		<pose>Unspecified</pose>
		<truncated>0</truncated>
		<difficult>0</difficult>
		<occluded>0</occluded>
		<bndbox>
			<xmin>69</xmin>
			<xmax>173</xmax>
			<ymin>13</ymin>
			<ymax>123</ymax>
		</bndbox>
	</object>
</annotation>
