<annotation>
	<folder></folder>
	<filename>46_jpeg_jpg.rf.9bf618d8d029a92a3cd1d26013502813.jpg</filename>
	<path>46_jpeg_jpg.rf.9bf618d8d029a92a3cd1d26013502813.jpg</path>
	<source>
		<database>roboflow.com</database>
	</source>
	<size>
		<width>416</width>
		<height>416</height>
		<depth>3</depth>
	</size>
	<segmented>0</segmented>
	<object>
		<name>shooting</name>
		<pose>Unspecified</pose>
		<truncated>0</truncated>
		<difficult>0</difficult>
		<occluded>0</occluded>
		<bndbox>
			<xmin>26</xmin>
			<xmax>290</xmax>
			<ymin>68</ymin>
			<ymax>416</ymax>
		</bndbox>
	</object>
</annotation>
