<annotation>
	<folder></folder>
	<filename>46_jpeg_jpg.rf.348502924f15bb14bf2fa164388a0f55.jpg</filename>
	<path>46_jpeg_jpg.rf.348502924f15bb14bf2fa164388a0f55.jpg</path>
	<source>
		<database>roboflow.com</database>
	</source>
	<size>
		<width>416</width>
		<height>416</height>
		<depth>3</depth>
	</size>
	<segmented>0</segmented>
	<object>
		<name>free-kick</name>
		<pose>Unspecified</pose>
		<truncated>0</truncated>
		<difficult>0</difficult>
		<occluded>0</occluded>
		<bndbox>
			<xmin>187</xmin>
			<xmax>413</xmax>
			<ymin>59</ymin>
			<ymax>385</ymax>
		</bndbox>
	</object>
</annotation>
