<annotation>
	<folder></folder>
	<filename>46_jpg.rf.536e6d568b3d0772cf5e02e9d22d83c3.jpg</filename>
	<path>46_jpg.rf.536e6d568b3d0772cf5e02e9d22d83c3.jpg</path>
	<source>
		<database>roboflow.com</database>
	</source>
	<size>
		<width>416</width>
		<height>416</height>
		<depth>3</depth>
	</size>
	<segmented>0</segmented>
	<object>
		<name>substitution</name>
		<pose>Unspecified</pose>
		<truncated>0</truncated>
		<difficult>0</difficult>
		<occluded>0</occluded>
		<bndbox>
			<xmin>82</xmin>
			<xmax>276</xmax>
			<ymin>1</ymin>
			<ymax>250</ymax>
		</bndbox>
	</object>
</annotation>
