<annotation>
	<folder></folder>
	<filename>46_jpg.rf.5d883fa7b02bb7852dec3a80bc717f13.jpg</filename>
	<path>46_jpg.rf.5d883fa7b02bb7852dec3a80bc717f13.jpg</path>
	<source>
		<database>roboflow.com</database>
	</source>
	<size>
		<width>416</width>
		<height>416</height>
		<depth>3</depth>
	</size>
	<segmented>0</segmented>
	<object>
		<name>corner-kick</name>
		<pose>Unspecified</pose>
		<truncated>0</truncated>
		<difficult>0</difficult>
		<occluded>0</occluded>
		<bndbox>
			<xmin>118</xmin>
			<xmax>214</xmax>
			<ymin>109</ymin>
			<ymax>369</ymax>
		</bndbox>
	</object>
</annotation>
