<annotation>
	<folder></folder>
	<filename>47_jpg.rf.60ef6120d3f14470612147af5f03ead1.jpg</filename>
	<path>47_jpg.rf.60ef6120d3f14470612147af5f03ead1.jpg</path>
	<source>
		<database>roboflow.com</database>
	</source>
	<size>
		<width>416</width>
		<height>416</height>
		<depth>3</depth>
	</size>
	<segmented>0</segmented>
	<object>
		<name>corner-kick</name>
		<pose>Unspecified</pose>
		<truncated>0</truncated>
		<difficult>0</difficult>
		<occluded>0</occluded>
		<bndbox>
			<xmin>135</xmin>
			<xmax>290</xmax>
			<ymin>12</ymin>
			<ymax>403</ymax>
		</bndbox>
	</object>
</annotation>
