<annotation>
	<folder></folder>
	<filename>47_jpg.rf.c99356f681aa1b9e0e7a9ca63e933f9b.jpg</filename>
	<path>47_jpg.rf.c99356f681aa1b9e0e7a9ca63e933f9b.jpg</path>
	<source>
		<database>roboflow.com</database>
	</source>
	<size>
		<width>416</width>
		<height>416</height>
		<depth>3</depth>
	</size>
	<segmented>0</segmented>
	<object>
		<name>yellow-card</name>
		<pose>Unspecified</pose>
		<truncated>0</truncated>
		<difficult>0</difficult>
		<occluded>0</occluded>
		<bndbox>
			<xmin>155</xmin>
			<xmax>257</xmax>
			<ymin>8</ymin>
			<ymax>124</ymax>
		</bndbox>
	</object>
</annotation>
