<annotation>
	<folder></folder>
	<filename>47_jpeg_jpg.rf.d113e21108d39dfc790fa3abb7b7806c.jpg</filename>
	<path>47_jpeg_jpg.rf.d113e21108d39dfc790fa3abb7b7806c.jpg</path>
	<source>
		<database>roboflow.com</database>
	</source>
	<size>
		<width>416</width>
		<height>416</height>
		<depth>3</depth>
	</size>
	<segmented>0</segmented>
	<object>
		<name>free-kick</name>
		<pose>Unspecified</pose>
		<truncated>0</truncated>
		<difficult>0</difficult>
		<occluded>0</occluded>
		<bndbox>
			<xmin>149</xmin>
			<xmax>273</xmax>
			<ymin>178</ymin>
			<ymax>363</ymax>
		</bndbox>
	</object>
</annotation>
