<annotation>
	<folder></folder>
	<filename>47_jpg.rf.488d5c39e8990480d7cdfff26344ea6e.jpg</filename>
	<path>47_jpg.rf.488d5c39e8990480d7cdfff26344ea6e.jpg</path>
	<source>
		<database>roboflow.com</database>
	</source>
	<size>
		<width>416</width>
		<height>416</height>
		<depth>3</depth>
	</size>
	<segmented>0</segmented>
	<object>
		<name>shooting</name>
		<pose>Unspecified</pose>
		<truncated>0</truncated>
		<difficult>0</difficult>
		<occluded>0</occluded>
		<bndbox>
			<xmin>110</xmin>
			<xmax>408</xmax>
			<ymin>53</ymin>
			<ymax>416</ymax>
		</bndbox>
	</object>
</annotation>
