<annotation>
	<folder></folder>
	<filename>47_jpg.rf.7e3a0bff0e2a8c150e13dd4862bb4030.jpg</filename>
	<path>47_jpg.rf.7e3a0bff0e2a8c150e13dd4862bb4030.jpg</path>
	<source>
		<database>roboflow.com</database>
	</source>
	<size>
		<width>416</width>
		<height>416</height>
		<depth>3</depth>
	</size>
	<segmented>0</segmented>
	<object>
		<name>substitution</name>
		<pose>Unspecified</pose>
		<truncated>0</truncated>
		<difficult>0</difficult>
		<occluded>0</occluded>
		<bndbox>
			<xmin>185</xmin>
			<xmax>378</xmax>
			<ymin>34</ymin>
			<ymax>158</ymax>
		</bndbox>
	</object>
</annotation>
