<annotation>
	<folder></folder>
	<filename>48_jpg.rf.f481bf901b49565b8367f8955c67aab6.jpg</filename>
	<path>48_jpg.rf.f481bf901b49565b8367f8955c67aab6.jpg</path>
	<source>
		<database>roboflow.com</database>
	</source>
	<size>
		<width>416</width>
		<height>416</height>
		<depth>3</depth>
	</size>
	<segmented>0</segmented>
	<object>
		<name>corner-kick</name>
		<pose>Unspecified</pose>
		<truncated>0</truncated>
		<difficult>0</difficult>
		<occluded>0</occluded>
		<bndbox>
			<xmin>311</xmin>
			<xmax>409</xmax>
			<ymin>113</ymin>
			<ymax>334</ymax>
		</bndbox>
	</object>
</annotation>
