<annotation>
	<folder></folder>
	<filename>48_jpg.rf.359cf3b5fea180ac96f5768d1f9d6100.jpg</filename>
	<path>48_jpg.rf.359cf3b5fea180ac96f5768d1f9d6100.jpg</path>
	<source>
		<database>roboflow.com</database>
	</source>
	<size>
		<width>416</width>
		<height>416</height>
		<depth>3</depth>
	</size>
	<segmented>0</segmented>
	<object>
		<name>substitution</name>
		<pose>Unspecified</pose>
		<truncated>0</truncated>
		<difficult>0</difficult>
		<occluded>0</occluded>
		<bndbox>
			<xmin>85</xmin>
			<xmax>322</xmax>
			<ymin>89</ymin>
			<ymax>235</ymax>
		</bndbox>
	</object>
</annotation>
