<annotation>
	<folder></folder>
	<filename>49_jpg.rf.41947496e2231e7976c9ddf795c6a676.jpg</filename>
	<path>49_jpg.rf.41947496e2231e7976c9ddf795c6a676.jpg</path>
	<source>
		<database>roboflow.com</database>
	</source>
	<size>
		<width>416</width>
		<height>416</height>
		<depth>3</depth>
	</size>
	<segmented>0</segmented>
	<object>
		<name>red-card</name>
		<pose>Unspecified</pose>
		<truncated>0</truncated>
		<difficult>0</difficult>
		<occluded>0</occluded>
		<bndbox>
			<xmin>203</xmin>
			<xmax>224</xmax>
			<ymin>21</ymin>
			<ymax>88</ymax>
		</bndbox>
	</object>
</annotation>
