<annotation>
	<folder></folder>
	<filename>49_jpg.rf.95c92e80d4837a3ac41906e59ce61211.jpg</filename>
	<path>49_jpg.rf.95c92e80d4837a3ac41906e59ce61211.jpg</path>
	<source>
		<database>roboflow.com</database>
	</source>
	<size>
		<width>416</width>
		<height>416</height>
		<depth>3</depth>
	</size>
	<segmented>0</segmented>
	<object>
		<name>yellow-card</name>
		<pose>Unspecified</pose>
		<truncated>0</truncated>
		<difficult>0</difficult>
		<occluded>0</occluded>
		<bndbox>
			<xmin>83</xmin>
			<xmax>142</xmax>
			<ymin>36</ymin>
			<ymax>180</ymax>
		</bndbox>
	</object>
</annotation>
