<annotation>
	<folder></folder>
	<filename>49_jpg.rf.9ed4c463f71153c69e558c81e70563d9.jpg</filename>
	<path>49_jpg.rf.9ed4c463f71153c69e558c81e70563d9.jpg</path>
	<source>
		<database>roboflow.com</database>
	</source>
	<size>
		<width>416</width>
		<height>416</height>
		<depth>3</depth>
	</size>
	<segmented>0</segmented>
	<object>
		<name>red-card</name>
		<pose>Unspecified</pose>
		<truncated>0</truncated>
		<difficult>0</difficult>
		<occluded>0</occluded>
		<bndbox>
			<xmin>203</xmin>
			<xmax>224</xmax>
			<ymin>21</ymin>
			<ymax>88</ymax>
		</bndbox>
	</object>
</annotation>
