<annotation>
	<folder></folder>
	<filename>49_jpeg_jpg.rf.3d769a4f3e64c49f833fa242b288c54e.jpg</filename>
	<path>49_jpeg_jpg.rf.3d769a4f3e64c49f833fa242b288c54e.jpg</path>
	<source>
		<database>roboflow.com</database>
	</source>
	<size>
		<width>416</width>
		<height>416</height>
		<depth>3</depth>
	</size>
	<segmented>0</segmented>
	<object>
		<name>free-kick</name>
		<pose>Unspecified</pose>
		<truncated>0</truncated>
		<difficult>0</difficult>
		<occluded>0</occluded>
		<bndbox>
			<xmin>206</xmin>
			<xmax>307</xmax>
			<ymin>127</ymin>
			<ymax>325</ymax>
		</bndbox>
	</object>
</annotation>
