<annotation>
	<folder></folder>
	<filename>4_jpg.rf.13b8c6372c3a0357760a01dde51033a4.jpg</filename>
	<path>4_jpg.rf.13b8c6372c3a0357760a01dde51033a4.jpg</path>
	<source>
		<database>roboflow.com</database>
	</source>
	<size>
		<width>416</width>
		<height>416</height>
		<depth>3</depth>
	</size>
	<segmented>0</segmented>
	<object>
		<name>red-card</name>
		<pose>Unspecified</pose>
		<truncated>0</truncated>
		<difficult>0</difficult>
		<occluded>0</occluded>
		<bndbox>
			<xmin>173</xmin>
			<xmax>201</xmax>
			<ymin>6</ymin>
			<ymax>87</ymax>
		</bndbox>
	</object>
</annotation>
