<annotation>
	<folder></folder>
	<filename>4_jpg.rf.24e04b0af22fa6fab93e1458712883d9.jpg</filename>
	<path>4_jpg.rf.24e04b0af22fa6fab93e1458712883d9.jpg</path>
	<source>
		<database>roboflow.com</database>
	</source>
	<size>
		<width>416</width>
		<height>416</height>
		<depth>3</depth>
	</size>
	<segmented>0</segmented>
	<object>
		<name>shooting</name>
		<pose>Unspecified</pose>
		<truncated>0</truncated>
		<difficult>0</difficult>
		<occluded>0</occluded>
		<bndbox>
			<xmin>86</xmin>
			<xmax>349</xmax>
			<ymin>17</ymin>
			<ymax>415</ymax>
		</bndbox>
	</object>
</annotation>
