<annotation>
	<folder></folder>
	<filename>4_jpg.rf.cac1350693f9479c396801605c7eb9b4.jpg</filename>
	<path>4_jpg.rf.cac1350693f9479c396801605c7eb9b4.jpg</path>
	<source>
		<database>roboflow.com</database>
	</source>
	<size>
		<width>416</width>
		<height>416</height>
		<depth>3</depth>
	</size>
	<segmented>0</segmented>
	<object>
		<name>yellow-card</name>
		<pose>Unspecified</pose>
		<truncated>0</truncated>
		<difficult>0</difficult>
		<occluded>0</occluded>
		<bndbox>
			<xmin>100</xmin>
			<xmax>306</xmax>
			<ymin>64</ymin>
			<ymax>416</ymax>
		</bndbox>
	</object>
</annotation>
