<annotation>
	<folder></folder>
	<filename>4_jpg.rf.528e5c2b0d2e47815fdaae80a75b0881.jpg</filename>
	<path>4_jpg.rf.528e5c2b0d2e47815fdaae80a75b0881.jpg</path>
	<source>
		<database>roboflow.com</database>
	</source>
	<size>
		<width>416</width>
		<height>416</height>
		<depth>3</depth>
	</size>
	<segmented>0</segmented>
	<object>
		<name>corner-kick</name>
		<pose>Unspecified</pose>
		<truncated>0</truncated>
		<difficult>0</difficult>
		<occluded>0</occluded>
		<bndbox>
			<xmin>294</xmin>
			<xmax>412</xmax>
			<ymin>78</ymin>
			<ymax>311</ymax>
		</bndbox>
	</object>
</annotation>
