<annotation>
	<folder></folder>
	<filename>50_jpeg_jpg.rf.b90264886d678ccfdca874c8d3c67533.jpg</filename>
	<path>50_jpeg_jpg.rf.b90264886d678ccfdca874c8d3c67533.jpg</path>
	<source>
		<database>roboflow.com</database>
	</source>
	<size>
		<width>416</width>
		<height>416</height>
		<depth>3</depth>
	</size>
	<segmented>0</segmented>
	<object>
		<name>free-kick</name>
		<pose>Unspecified</pose>
		<truncated>0</truncated>
		<difficult>0</difficult>
		<occluded>0</occluded>
		<bndbox>
			<xmin>172</xmin>
			<xmax>276</xmax>
			<ymin>150</ymin>
			<ymax>296</ymax>
		</bndbox>
	</object>
</annotation>
