<annotation>
	<folder></folder>
	<filename>50_jpg.rf.570c49e1567e299b95bd4d636c4a5bb0.jpg</filename>
	<path>50_jpg.rf.570c49e1567e299b95bd4d636c4a5bb0.jpg</path>
	<source>
		<database>roboflow.com</database>
	</source>
	<size>
		<width>416</width>
		<height>416</height>
		<depth>3</depth>
	</size>
	<segmented>0</segmented>
	<object>
		<name>red-card</name>
		<pose>Unspecified</pose>
		<truncated>0</truncated>
		<difficult>0</difficult>
		<occluded>0</occluded>
		<bndbox>
			<xmin>152</xmin>
			<xmax>177</xmax>
			<ymin>14</ymin>
			<ymax>82</ymax>
		</bndbox>
	</object>
</annotation>
