<annotation>
	<folder></folder>
	<filename>50_jpg.rf.c348b69a55cd16c9b051bc50263f3229.jpg</filename>
	<path>50_jpg.rf.c348b69a55cd16c9b051bc50263f3229.jpg</path>
	<source>
		<database>roboflow.com</database>
	</source>
	<size>
		<width>416</width>
		<height>416</height>
		<depth>3</depth>
	</size>
	<segmented>0</segmented>
	<object>
		<name>substitution</name>
		<pose>Unspecified</pose>
		<truncated>0</truncated>
		<difficult>0</difficult>
		<occluded>0</occluded>
		<bndbox>
			<xmin>247</xmin>
			<xmax>339</xmax>
			<ymin>72</ymin>
			<ymax>123</ymax>
		</bndbox>
	</object>
</annotation>
