<annotation>
	<folder></folder>
	<filename>51_jpg.rf.1aed806c54bf29a6cd6d10e6827952a1.jpg</filename>
	<path>51_jpg.rf.1aed806c54bf29a6cd6d10e6827952a1.jpg</path>
	<source>
		<database>roboflow.com</database>
	</source>
	<size>
		<width>416</width>
		<height>416</height>
		<depth>3</depth>
	</size>
	<segmented>0</segmented>
	<object>
		<name>red-card</name>
		<pose>Unspecified</pose>
		<truncated>0</truncated>
		<difficult>0</difficult>
		<occluded>0</occluded>
		<bndbox>
			<xmin>81</xmin>
			<xmax>99</xmax>
			<ymin>31</ymin>
			<ymax>84</ymax>
		</bndbox>
	</object>
</annotation>
