<annotation>
	<folder></folder>
	<filename>51_jpg.rf.50f08df7f73b9a5ecaf8881d926c46c0.jpg</filename>
	<path>51_jpg.rf.50f08df7f73b9a5ecaf8881d926c46c0.jpg</path>
	<source>
		<database>roboflow.com</database>
	</source>
	<size>
		<width>416</width>
		<height>416</height>
		<depth>3</depth>
	</size>
	<segmented>0</segmented>
	<object>
		<name>shooting</name>
		<pose>Unspecified</pose>
		<truncated>0</truncated>
		<difficult>0</difficult>
		<occluded>0</occluded>
		<bndbox>
			<xmin>44</xmin>
			<xmax>236</xmax>
			<ymin>3</ymin>
			<ymax>407</ymax>
		</bndbox>
	</object>
</annotation>
