<annotation>
	<folder></folder>
	<filename>51_jpg.rf.83be1bea8c7925a7ae48c45fd3c411da.jpg</filename>
	<path>51_jpg.rf.83be1bea8c7925a7ae48c45fd3c411da.jpg</path>
	<source>
		<database>roboflow.com</database>
	</source>
	<size>
		<width>416</width>
		<height>416</height>
		<depth>3</depth>
	</size>
	<segmented>0</segmented>
	<object>
		<name>corner-kick</name>
		<pose>Unspecified</pose>
		<truncated>0</truncated>
		<difficult>0</difficult>
		<occluded>0</occluded>
		<bndbox>
			<xmin>214</xmin>
			<xmax>363</xmax>
			<ymin>62</ymin>
			<ymax>365</ymax>
		</bndbox>
	</object>
</annotation>
