<annotation>
	<folder></folder>
	<filename>52_jpeg_jpg.rf.f7210788176501a0befe7ef878183c06.jpg</filename>
	<path>52_jpeg_jpg.rf.f7210788176501a0befe7ef878183c06.jpg</path>
	<source>
		<database>roboflow.com</database>
	</source>
	<size>
		<width>416</width>
		<height>416</height>
		<depth>3</depth>
	</size>
	<segmented>0</segmented>
	<object>
		<name>free-kick</name>
		<pose>Unspecified</pose>
		<truncated>0</truncated>
		<difficult>0</difficult>
		<occluded>0</occluded>
		<bndbox>
			<xmin>156</xmin>
			<xmax>320</xmax>
			<ymin>58</ymin>
			<ymax>332</ymax>
		</bndbox>
	</object>
</annotation>
