<annotation>
	<folder></folder>
	<filename>52_jpeg_jpg.rf.724bb5b8d866da57071b2b4cf5400a7f.jpg</filename>
	<path>52_jpeg_jpg.rf.724bb5b8d866da57071b2b4cf5400a7f.jpg</path>
	<source>
		<database>roboflow.com</database>
	</source>
	<size>
		<width>416</width>
		<height>416</height>
		<depth>3</depth>
	</size>
	<segmented>0</segmented>
	<object>
		<name>substitution</name>
		<pose>Unspecified</pose>
		<truncated>0</truncated>
		<difficult>0</difficult>
		<occluded>0</occluded>
		<bndbox>
			<xmin>61</xmin>
			<xmax>368</xmax>
			<ymin>1</ymin>
			<ymax>266</ymax>
		</bndbox>
	</object>
</annotation>
