<annotation>
	<folder></folder>
	<filename>52_jpg.rf.90693ab79b29d2bccaa08537a8c849d8.jpg</filename>
	<path>52_jpg.rf.90693ab79b29d2bccaa08537a8c849d8.jpg</path>
	<source>
		<database>roboflow.com</database>
	</source>
	<size>
		<width>416</width>
		<height>416</height>
		<depth>3</depth>
	</size>
	<segmented>0</segmented>
	<object>
		<name>shooting</name>
		<pose>Unspecified</pose>
		<truncated>0</truncated>
		<difficult>0</difficult>
		<occluded>0</occluded>
		<bndbox>
			<xmin>91</xmin>
			<xmax>346</xmax>
			<ymin>16</ymin>
			<ymax>416</ymax>
		</bndbox>
	</object>
</annotation>
