<annotation>
	<folder></folder>
	<filename>53_jpeg_jpg.rf.c47cae57d8c06909096050ecf3cceb77.jpg</filename>
	<path>53_jpeg_jpg.rf.c47cae57d8c06909096050ecf3cceb77.jpg</path>
	<source>
		<database>roboflow.com</database>
	</source>
	<size>
		<width>416</width>
		<height>416</height>
		<depth>3</depth>
	</size>
	<segmented>0</segmented>
	<object>
		<name>red-card</name>
		<pose>Unspecified</pose>
		<truncated>0</truncated>
		<difficult>0</difficult>
		<occluded>0</occluded>
		<bndbox>
			<xmin>172</xmin>
			<xmax>202</xmax>
			<ymin>5</ymin>
			<ymax>86</ymax>
		</bndbox>
	</object>
</annotation>
