<annotation>
	<folder></folder>
	<filename>53_jpg.rf.d9452dfb91f563d7eb10420f96afc5dc.jpg</filename>
	<path>53_jpg.rf.d9452dfb91f563d7eb10420f96afc5dc.jpg</path>
	<source>
		<database>roboflow.com</database>
	</source>
	<size>
		<width>416</width>
		<height>416</height>
		<depth>3</depth>
	</size>
	<segmented>0</segmented>
	<object>
		<name>shooting</name>
		<pose>Unspecified</pose>
		<truncated>0</truncated>
		<difficult>0</difficult>
		<occluded>0</occluded>
		<bndbox>
			<xmin>183</xmin>
			<xmax>335</xmax>
			<ymin>73</ymin>
			<ymax>333</ymax>
		</bndbox>
	</object>
</annotation>
