<annotation>
	<folder></folder>
	<filename>53_jpeg_jpg.rf.6d7d8755c59597d55ee1b2bad501dbd8.jpg</filename>
	<path>53_jpeg_jpg.rf.6d7d8755c59597d55ee1b2bad501dbd8.jpg</path>
	<source>
		<database>roboflow.com</database>
	</source>
	<size>
		<width>416</width>
		<height>416</height>
		<depth>3</depth>
	</size>
	<segmented>0</segmented>
	<object>
		<name>free-kick</name>
		<pose>Unspecified</pose>
		<truncated>0</truncated>
		<difficult>0</difficult>
		<occluded>0</occluded>
		<bndbox>
			<xmin>109</xmin>
			<xmax>202</xmax>
			<ymin>133</ymin>
			<ymax>293</ymax>
		</bndbox>
	</object>
</annotation>
