<annotation>
	<folder></folder>
	<filename>54_jpg.rf.ccc967f345572f6dfe0268d8217c803b.jpg</filename>
	<path>54_jpg.rf.ccc967f345572f6dfe0268d8217c803b.jpg</path>
	<source>
		<database>roboflow.com</database>
	</source>
	<size>
		<width>416</width>
		<height>416</height>
		<depth>3</depth>
	</size>
	<segmented>0</segmented>
	<object>
		<name>shooting</name>
		<pose>Unspecified</pose>
		<truncated>0</truncated>
		<difficult>0</difficult>
		<occluded>0</occluded>
		<bndbox>
			<xmin>69</xmin>
			<xmax>273</xmax>
			<ymin>29</ymin>
			<ymax>386</ymax>
		</bndbox>
	</object>
</annotation>
