<annotation>
	<folder></folder>
	<filename>54_jpg.rf.4103da7476b2e3cc4cd0da668f051443.jpg</filename>
	<path>54_jpg.rf.4103da7476b2e3cc4cd0da668f051443.jpg</path>
	<source>
		<database>roboflow.com</database>
	</source>
	<size>
		<width>416</width>
		<height>416</height>
		<depth>3</depth>
	</size>
	<segmented>0</segmented>
	<object>
		<name>corner-kick</name>
		<pose>Unspecified</pose>
		<truncated>0</truncated>
		<difficult>0</difficult>
		<occluded>0</occluded>
		<bndbox>
			<xmin>27</xmin>
			<xmax>125</xmax>
			<ymin>173</ymin>
			<ymax>332</ymax>
		</bndbox>
	</object>
</annotation>
