<annotation>
	<folder></folder>
	<filename>54_jpeg_jpg.rf.63d2576e3b58d00de69aff79e5d2d0e0.jpg</filename>
	<path>54_jpeg_jpg.rf.63d2576e3b58d00de69aff79e5d2d0e0.jpg</path>
	<source>
		<database>roboflow.com</database>
	</source>
	<size>
		<width>416</width>
		<height>416</height>
		<depth>3</depth>
	</size>
	<segmented>0</segmented>
	<object>
		<name>free-kick</name>
		<pose>Unspecified</pose>
		<truncated>0</truncated>
		<difficult>0</difficult>
		<occluded>0</occluded>
		<bndbox>
			<xmin>168</xmin>
			<xmax>230</xmax>
			<ymin>215</ymin>
			<ymax>308</ymax>
		</bndbox>
	</object>
</annotation>
