<annotation>
	<folder></folder>
	<filename>54_jpg.rf.7315a59e1ce1962f9b50f9b60dc8cb91.jpg</filename>
	<path>54_jpg.rf.7315a59e1ce1962f9b50f9b60dc8cb91.jpg</path>
	<source>
		<database>roboflow.com</database>
	</source>
	<size>
		<width>416</width>
		<height>416</height>
		<depth>3</depth>
	</size>
	<segmented>0</segmented>
	<object>
		<name>red-card</name>
		<pose>Unspecified</pose>
		<truncated>0</truncated>
		<difficult>0</difficult>
		<occluded>0</occluded>
		<bndbox>
			<xmin>116</xmin>
			<xmax>147</xmax>
			<ymin>20</ymin>
			<ymax>99</ymax>
		</bndbox>
	</object>
</annotation>
