<annotation>
	<folder></folder>
	<filename>54_jpg.rf.2731de061803ccf66e17267cdc548374.jpg</filename>
	<path>54_jpg.rf.2731de061803ccf66e17267cdc548374.jpg</path>
	<source>
		<database>roboflow.com</database>
	</source>
	<size>
		<width>416</width>
		<height>416</height>
		<depth>3</depth>
	</size>
	<segmented>0</segmented>
	<object>
		<name>yellow-card</name>
		<pose>Unspecified</pose>
		<truncated>0</truncated>
		<difficult>0</difficult>
		<occluded>0</occluded>
		<bndbox>
			<xmin>76</xmin>
			<xmax>194</xmax>
			<ymin>50</ymin>
			<ymax>384</ymax>
		</bndbox>
	</object>
</annotation>
