<annotation>
	<folder></folder>
	<filename>55_jpg.rf.1cbc011b9b125b366e36ab3810ad8b31.jpg</filename>
	<path>55_jpg.rf.1cbc011b9b125b366e36ab3810ad8b31.jpg</path>
	<source>
		<database>roboflow.com</database>
	</source>
	<size>
		<width>416</width>
		<height>416</height>
		<depth>3</depth>
	</size>
	<segmented>0</segmented>
	<object>
		<name>red-card</name>
		<pose>Unspecified</pose>
		<truncated>0</truncated>
		<difficult>0</difficult>
		<occluded>0</occluded>
		<bndbox>
			<xmin>262</xmin>
			<xmax>284</xmax>
			<ymin>2</ymin>
			<ymax>55</ymax>
		</bndbox>
	</object>
</annotation>
