<annotation>
	<folder></folder>
	<filename>55_jpg.rf.0dabbe73459b6ecec2f774b1f2c7564d.jpg</filename>
	<path>55_jpg.rf.0dabbe73459b6ecec2f774b1f2c7564d.jpg</path>
	<source>
		<database>roboflow.com</database>
	</source>
	<size>
		<width>416</width>
		<height>416</height>
		<depth>3</depth>
	</size>
	<segmented>0</segmented>
	<object>
		<name>yellow-card</name>
		<pose>Unspecified</pose>
		<truncated>0</truncated>
		<difficult>0</difficult>
		<occluded>0</occluded>
		<bndbox>
			<xmin>267</xmin>
			<xmax>294</xmax>
			<ymin>5</ymin>
			<ymax>102</ymax>
		</bndbox>
	</object>
</annotation>
