<annotation>
	<folder></folder>
	<filename>56_jpg.rf.27b930c1629dbc469b6bd54dc884d11b.jpg</filename>
	<path>56_jpg.rf.27b930c1629dbc469b6bd54dc884d11b.jpg</path>
	<source>
		<database>roboflow.com</database>
	</source>
	<size>
		<width>416</width>
		<height>416</height>
		<depth>3</depth>
	</size>
	<segmented>0</segmented>
	<object>
		<name>shooting</name>
		<pose>Unspecified</pose>
		<truncated>0</truncated>
		<difficult>0</difficult>
		<occluded>0</occluded>
		<bndbox>
			<xmin>19</xmin>
			<xmax>128</xmax>
			<ymin>189</ymin>
			<ymax>340</ymax>
		</bndbox>
	</object>
</annotation>
