<annotation>
	<folder></folder>
	<filename>56_jpeg_jpg.rf.c78f172bcd977a8b3ecec6d99fb369ec.jpg</filename>
	<path>56_jpeg_jpg.rf.c78f172bcd977a8b3ecec6d99fb369ec.jpg</path>
	<source>
		<database>roboflow.com</database>
	</source>
	<size>
		<width>416</width>
		<height>416</height>
		<depth>3</depth>
	</size>
	<segmented>0</segmented>
	<object>
		<name>substitution</name>
		<pose>Unspecified</pose>
		<truncated>0</truncated>
		<difficult>0</difficult>
		<occluded>0</occluded>
		<bndbox>
			<xmin>151</xmin>
			<xmax>256</xmax>
			<ymin>58</ymin>
			<ymax>187</ymax>
		</bndbox>
	</object>
</annotation>
