<annotation>
	<folder></folder>
	<filename>56_jpeg_jpg.rf.4caf8d2dc2141af0a7c3a4efccc1b109.jpg</filename>
	<path>56_jpeg_jpg.rf.4caf8d2dc2141af0a7c3a4efccc1b109.jpg</path>
	<source>
		<database>roboflow.com</database>
	</source>
	<size>
		<width>416</width>
		<height>416</height>
		<depth>3</depth>
	</size>
	<segmented>0</segmented>
	<object>
		<name>free-kick</name>
		<pose>Unspecified</pose>
		<truncated>0</truncated>
		<difficult>0</difficult>
		<occluded>0</occluded>
		<bndbox>
			<xmin>173</xmin>
			<xmax>301</xmax>
			<ymin>127</ymin>
			<ymax>324</ymax>
		</bndbox>
	</object>
</annotation>
