<annotation>
	<folder></folder>
	<filename>57_jpeg_jpg.rf.bb3b6bd330e245a0603c5bdac4be15f8.jpg</filename>
	<path>57_jpeg_jpg.rf.bb3b6bd330e245a0603c5bdac4be15f8.jpg</path>
	<source>
		<database>roboflow.com</database>
	</source>
	<size>
		<width>416</width>
		<height>416</height>
		<depth>3</depth>
	</size>
	<segmented>0</segmented>
	<object>
		<name>substitution</name>
		<pose>Unspecified</pose>
		<truncated>0</truncated>
		<difficult>0</difficult>
		<occluded>0</occluded>
		<bndbox>
			<xmin>60</xmin>
			<xmax>116</xmax>
			<ymin>10</ymin>
			<ymax>129</ymax>
		</bndbox>
	</object>
</annotation>
