<annotation>
	<folder></folder>
	<filename>57_jpg.rf.41c12b2f5248acd973787f6078d6f57f.jpg</filename>
	<path>57_jpg.rf.41c12b2f5248acd973787f6078d6f57f.jpg</path>
	<source>
		<database>roboflow.com</database>
	</source>
	<size>
		<width>416</width>
		<height>416</height>
		<depth>3</depth>
	</size>
	<segmented>0</segmented>
	<object>
		<name>corner-kick</name>
		<pose>Unspecified</pose>
		<truncated>0</truncated>
		<difficult>0</difficult>
		<occluded>0</occluded>
		<bndbox>
			<xmin>223</xmin>
			<xmax>331</xmax>
			<ymin>119</ymin>
			<ymax>318</ymax>
		</bndbox>
	</object>
</annotation>
