<annotation>
	<folder></folder>
	<filename>57_jpg.rf.c369a303afba9606fc9eb83f90fa1819.jpg</filename>
	<path>57_jpg.rf.c369a303afba9606fc9eb83f90fa1819.jpg</path>
	<source>
		<database>roboflow.com</database>
	</source>
	<size>
		<width>416</width>
		<height>416</height>
		<depth>3</depth>
	</size>
	<segmented>0</segmented>
	<object>
		<name>red-card</name>
		<pose>Unspecified</pose>
		<truncated>0</truncated>
		<difficult>0</difficult>
		<occluded>0</occluded>
		<bndbox>
			<xmin>103</xmin>
			<xmax>180</xmax>
			<ymin>84</ymin>
			<ymax>417</ymax>
		</bndbox>
	</object>
</annotation>
