<annotation>
	<folder></folder>
	<filename>58_jpeg_jpg.rf.1f5ec22b47a37d419322c559b71207db.jpg</filename>
	<path>58_jpeg_jpg.rf.1f5ec22b47a37d419322c559b71207db.jpg</path>
	<source>
		<database>roboflow.com</database>
	</source>
	<size>
		<width>416</width>
		<height>416</height>
		<depth>3</depth>
	</size>
	<segmented>0</segmented>
	<object>
		<name>substitution</name>
		<pose>Unspecified</pose>
		<truncated>0</truncated>
		<difficult>0</difficult>
		<occluded>0</occluded>
		<bndbox>
			<xmin>188</xmin>
			<xmax>229</xmax>
			<ymin>101</ymin>
			<ymax>165</ymax>
		</bndbox>
	</object>
</annotation>
