<annotation>
	<folder></folder>
	<filename>58_jpg.rf.cde5db2c68d6163e41cfd0f876013cd7.jpg</filename>
	<path>58_jpg.rf.cde5db2c68d6163e41cfd0f876013cd7.jpg</path>
	<source>
		<database>roboflow.com</database>
	</source>
	<size>
		<width>416</width>
		<height>416</height>
		<depth>3</depth>
	</size>
	<segmented>0</segmented>
	<object>
		<name>red-card</name>
		<pose>Unspecified</pose>
		<truncated>0</truncated>
		<difficult>0</difficult>
		<occluded>0</occluded>
		<bndbox>
			<xmin>273</xmin>
			<xmax>300</xmax>
			<ymin>7</ymin>
			<ymax>63</ymax>
		</bndbox>
	</object>
</annotation>
