<annotation>
	<folder></folder>
	<filename>59_JPG_jpg.rf.7917c69c96cd7374b19a6b3e4726f621.jpg</filename>
	<path>59_JPG_jpg.rf.7917c69c96cd7374b19a6b3e4726f621.jpg</path>
	<source>
		<database>roboflow.com</database>
	</source>
	<size>
		<width>416</width>
		<height>416</height>
		<depth>3</depth>
	</size>
	<segmented>0</segmented>
	<object>
		<name>shooting</name>
		<pose>Unspecified</pose>
		<truncated>0</truncated>
		<difficult>0</difficult>
		<occluded>0</occluded>
		<bndbox>
			<xmin>58</xmin>
			<xmax>258</xmax>
			<ymin>89</ymin>
			<ymax>368</ymax>
		</bndbox>
	</object>
</annotation>
