<annotation>
	<folder></folder>
	<filename>59_jpeg_jpg.rf.a77a473750ffd100f585a02488af3443.jpg</filename>
	<path>59_jpeg_jpg.rf.a77a473750ffd100f585a02488af3443.jpg</path>
	<source>
		<database>roboflow.com</database>
	</source>
	<size>
		<width>416</width>
		<height>416</height>
		<depth>3</depth>
	</size>
	<segmented>0</segmented>
	<object>
		<name>substitution</name>
		<pose>Unspecified</pose>
		<truncated>0</truncated>
		<difficult>0</difficult>
		<occluded>0</occluded>
		<bndbox>
			<xmin>168</xmin>
			<xmax>262</xmax>
			<ymin>23</ymin>
			<ymax>123</ymax>
		</bndbox>
	</object>
</annotation>
