<annotation>
	<folder></folder>
	<filename>59_jpeg_jpg.rf.18381687216596a50c80e5500efe538d.jpg</filename>
	<path>59_jpeg_jpg.rf.18381687216596a50c80e5500efe538d.jpg</path>
	<source>
		<database>roboflow.com</database>
	</source>
	<size>
		<width>416</width>
		<height>416</height>
		<depth>3</depth>
	</size>
	<segmented>0</segmented>
	<object>
		<name>yellow-card</name>
		<pose>Unspecified</pose>
		<truncated>0</truncated>
		<difficult>0</difficult>
		<occluded>0</occluded>
		<bndbox>
			<xmin>270</xmin>
			<xmax>291</xmax>
			<ymin>16</ymin>
			<ymax>67</ymax>
		</bndbox>
	</object>
</annotation>
