<annotation>
	<folder></folder>
	<filename>59_jpg.rf.e987b5eb5d44f107eba31a2aba13e0b0.jpg</filename>
	<path>59_jpg.rf.e987b5eb5d44f107eba31a2aba13e0b0.jpg</path>
	<source>
		<database>roboflow.com</database>
	</source>
	<size>
		<width>416</width>
		<height>416</height>
		<depth>3</depth>
	</size>
	<segmented>0</segmented>
	<object>
		<name>free-kick</name>
		<pose>Unspecified</pose>
		<truncated>0</truncated>
		<difficult>0</difficult>
		<occluded>0</occluded>
		<bndbox>
			<xmin>138</xmin>
			<xmax>225</xmax>
			<ymin>197</ymin>
			<ymax>280</ymax>
		</bndbox>
	</object>
</annotation>
