<annotation>
	<folder></folder>
	<filename>59_jpeg_jpg.rf.b27943fe2ae2ef9d412aa60f4beb50ba.jpg</filename>
	<path>59_jpeg_jpg.rf.b27943fe2ae2ef9d412aa60f4beb50ba.jpg</path>
	<source>
		<database>roboflow.com</database>
	</source>
	<size>
		<width>416</width>
		<height>416</height>
		<depth>3</depth>
	</size>
	<segmented>0</segmented>
	<object>
		<name>red-card</name>
		<pose>Unspecified</pose>
		<truncated>0</truncated>
		<difficult>0</difficult>
		<occluded>0</occluded>
		<bndbox>
			<xmin>270</xmin>
			<xmax>321</xmax>
			<ymin>64</ymin>
			<ymax>216</ymax>
		</bndbox>
	</object>
</annotation>
