<annotation>
	<folder></folder>
	<filename>5_jpg.rf.e4bb2634b6ae7b328cadfca6bd60a062.jpg</filename>
	<path>5_jpg.rf.e4bb2634b6ae7b328cadfca6bd60a062.jpg</path>
	<source>
		<database>roboflow.com</database>
	</source>
	<size>
		<width>416</width>
		<height>416</height>
		<depth>3</depth>
	</size>
	<segmented>0</segmented>
	<object>
		<name>shooting</name>
		<pose>Unspecified</pose>
		<truncated>0</truncated>
		<difficult>0</difficult>
		<occluded>0</occluded>
		<bndbox>
			<xmin>18</xmin>
			<xmax>121</xmax>
			<ymin>188</ymin>
			<ymax>337</ymax>
		</bndbox>
	</object>
</annotation>
