<annotation>
	<folder></folder>
	<filename>5_jpeg_jpg.rf.0284d7f052da92f1c260b08abdfa94e5.jpg</filename>
	<path>5_jpeg_jpg.rf.0284d7f052da92f1c260b08abdfa94e5.jpg</path>
	<source>
		<database>roboflow.com</database>
	</source>
	<size>
		<width>416</width>
		<height>416</height>
		<depth>3</depth>
	</size>
	<segmented>0</segmented>
	<object>
		<name>yellow-card</name>
		<pose>Unspecified</pose>
		<truncated>0</truncated>
		<difficult>0</difficult>
		<occluded>0</occluded>
		<bndbox>
			<xmin>311</xmin>
			<xmax>348</xmax>
			<ymin>8</ymin>
			<ymax>126</ymax>
		</bndbox>
	</object>
</annotation>
