<annotation>
	<folder></folder>
	<filename>5_jpg.rf.7326c6338a07f389e9a7a45f4861278d.jpg</filename>
	<path>5_jpg.rf.7326c6338a07f389e9a7a45f4861278d.jpg</path>
	<source>
		<database>roboflow.com</database>
	</source>
	<size>
		<width>416</width>
		<height>416</height>
		<depth>3</depth>
	</size>
	<segmented>0</segmented>
	<object>
		<name>red-card</name>
		<pose>Unspecified</pose>
		<truncated>0</truncated>
		<difficult>0</difficult>
		<occluded>0</occluded>
		<bndbox>
			<xmin>9</xmin>
			<xmax>162</xmax>
			<ymin>57</ymin>
			<ymax>382</ymax>
		</bndbox>
	</object>
</annotation>
