<annotation>
	<folder></folder>
	<filename>5_jpg.rf.0fd8f3b32a4fd1598fa72f1ca2d181c4.jpg</filename>
	<path>5_jpg.rf.0fd8f3b32a4fd1598fa72f1ca2d181c4.jpg</path>
	<source>
		<database>roboflow.com</database>
	</source>
	<size>
		<width>416</width>
		<height>416</height>
		<depth>3</depth>
	</size>
	<segmented>0</segmented>
	<object>
		<name>corner-kick</name>
		<pose>Unspecified</pose>
		<truncated>0</truncated>
		<difficult>0</difficult>
		<occluded>0</occluded>
		<bndbox>
			<xmin>213</xmin>
			<xmax>318</xmax>
			<ymin>121</ymin>
			<ymax>378</ymax>
		</bndbox>
	</object>
</annotation>
