<annotation>
	<folder></folder>
	<filename>60_jpg.rf.743d4d665150239cd38a4a9da12bea54.jpg</filename>
	<path>60_jpg.rf.743d4d665150239cd38a4a9da12bea54.jpg</path>
	<source>
		<database>roboflow.com</database>
	</source>
	<size>
		<width>416</width>
		<height>416</height>
		<depth>3</depth>
	</size>
	<segmented>0</segmented>
	<object>
		<name>shooting</name>
		<pose>Unspecified</pose>
		<truncated>0</truncated>
		<difficult>0</difficult>
		<occluded>0</occluded>
		<bndbox>
			<xmin>57</xmin>
			<xmax>287</xmax>
			<ymin>25</ymin>
			<ymax>397</ymax>
		</bndbox>
	</object>
</annotation>
