<annotation>
	<folder></folder>
	<filename>60_jpg.rf.28654fb5ba0d4d3ce09745ddc62f742b.jpg</filename>
	<path>60_jpg.rf.28654fb5ba0d4d3ce09745ddc62f742b.jpg</path>
	<source>
		<database>roboflow.com</database>
	</source>
	<size>
		<width>416</width>
		<height>416</height>
		<depth>3</depth>
	</size>
	<segmented>0</segmented>
	<object>
		<name>corner-kick</name>
		<pose>Unspecified</pose>
		<truncated>0</truncated>
		<difficult>0</difficult>
		<occluded>0</occluded>
		<bndbox>
			<xmin>250</xmin>
			<xmax>329</xmax>
			<ymin>304</ymin>
			<ymax>366</ymax>
		</bndbox>
	</object>
</annotation>
