<annotation>
	<folder></folder>
	<filename>60_jpg.rf.2890313e27a0faba71e837a156bc5604.jpg</filename>
	<path>60_jpg.rf.2890313e27a0faba71e837a156bc5604.jpg</path>
	<source>
		<database>roboflow.com</database>
	</source>
	<size>
		<width>416</width>
		<height>416</height>
		<depth>3</depth>
	</size>
	<segmented>0</segmented>
	<object>
		<name>free-kick</name>
		<pose>Unspecified</pose>
		<truncated>0</truncated>
		<difficult>0</difficult>
		<occluded>0</occluded>
		<bndbox>
			<xmin>169</xmin>
			<xmax>316</xmax>
			<ymin>94</ymin>
			<ymax>270</ymax>
		</bndbox>
	</object>
</annotation>
