<annotation>
	<folder></folder>
	<filename>61_jpeg_jpg.rf.70558a2152cd6d128cde358d38d3b6b3.jpg</filename>
	<path>61_jpeg_jpg.rf.70558a2152cd6d128cde358d38d3b6b3.jpg</path>
	<source>
		<database>roboflow.com</database>
	</source>
	<size>
		<width>416</width>
		<height>416</height>
		<depth>3</depth>
	</size>
	<segmented>0</segmented>
	<object>
		<name>yellow-card</name>
		<pose>Unspecified</pose>
		<truncated>0</truncated>
		<difficult>0</difficult>
		<occluded>0</occluded>
		<bndbox>
			<xmin>48</xmin>
			<xmax>148</xmax>
			<ymin>8</ymin>
			<ymax>261</ymax>
		</bndbox>
	</object>
</annotation>
