<annotation>
	<folder></folder>
	<filename>61_jpeg_jpg.rf.41ffc05913852b4a71033d42e23a8143.jpg</filename>
	<path>61_jpeg_jpg.rf.41ffc05913852b4a71033d42e23a8143.jpg</path>
	<source>
		<database>roboflow.com</database>
	</source>
	<size>
		<width>416</width>
		<height>416</height>
		<depth>3</depth>
	</size>
	<segmented>0</segmented>
	<object>
		<name>red-card</name>
		<pose>Unspecified</pose>
		<truncated>0</truncated>
		<difficult>0</difficult>
		<occluded>0</occluded>
		<bndbox>
			<xmin>28</xmin>
			<xmax>113</xmax>
			<ymin>116</ymin>
			<ymax>415</ymax>
		</bndbox>
	</object>
</annotation>
