<annotation>
	<folder></folder>
	<filename>61_jpg.rf.8682c69993a7213cd66b0cee5684d8ac.jpg</filename>
	<path>61_jpg.rf.8682c69993a7213cd66b0cee5684d8ac.jpg</path>
	<source>
		<database>roboflow.com</database>
	</source>
	<size>
		<width>416</width>
		<height>416</height>
		<depth>3</depth>
	</size>
	<segmented>0</segmented>
	<object>
		<name>corner-kick</name>
		<pose>Unspecified</pose>
		<truncated>0</truncated>
		<difficult>0</difficult>
		<occluded>0</occluded>
		<bndbox>
			<xmin>77</xmin>
			<xmax>235</xmax>
			<ymin>186</ymin>
			<ymax>345</ymax>
		</bndbox>
	</object>
</annotation>
