<annotation>
	<folder></folder>
	<filename>61_jpg.rf.6355952b812c2eaf0a2626d17554ad54.jpg</filename>
	<path>61_jpg.rf.6355952b812c2eaf0a2626d17554ad54.jpg</path>
	<source>
		<database>roboflow.com</database>
	</source>
	<size>
		<width>416</width>
		<height>416</height>
		<depth>3</depth>
	</size>
	<segmented>0</segmented>
	<object>
		<name>free-kick</name>
		<pose>Unspecified</pose>
		<truncated>0</truncated>
		<difficult>0</difficult>
		<occluded>0</occluded>
		<bndbox>
			<xmin>54</xmin>
			<xmax>356</xmax>
			<ymin>50</ymin>
			<ymax>405</ymax>
		</bndbox>
	</object>
</annotation>
