<annotation>
	<folder></folder>
	<filename>62_jpg.rf.381f5a44307b40368c90ed6ebaaefb25.jpg</filename>
	<path>62_jpg.rf.381f5a44307b40368c90ed6ebaaefb25.jpg</path>
	<source>
		<database>roboflow.com</database>
	</source>
	<size>
		<width>416</width>
		<height>416</height>
		<depth>3</depth>
	</size>
	<segmented>0</segmented>
	<object>
		<name>corner-kick</name>
		<pose>Unspecified</pose>
		<truncated>0</truncated>
		<difficult>0</difficult>
		<occluded>0</occluded>
		<bndbox>
			<xmin>312</xmin>
			<xmax>349</xmax>
			<ymin>36</ymin>
			<ymax>239</ymax>
		</bndbox>
	</object>
</annotation>
