<annotation>
	<folder></folder>
	<filename>62_jpeg_jpg.rf.ebeb10340a56922348f253939ba3b7a2.jpg</filename>
	<path>62_jpeg_jpg.rf.ebeb10340a56922348f253939ba3b7a2.jpg</path>
	<source>
		<database>roboflow.com</database>
	</source>
	<size>
		<width>416</width>
		<height>416</height>
		<depth>3</depth>
	</size>
	<segmented>0</segmented>
	<object>
		<name>red-card</name>
		<pose>Unspecified</pose>
		<truncated>0</truncated>
		<difficult>0</difficult>
		<occluded>0</occluded>
		<bndbox>
			<xmin>207</xmin>
			<xmax>326</xmax>
			<ymin>8</ymin>
			<ymax>415</ymax>
		</bndbox>
	</object>
</annotation>
