<annotation>
	<folder></folder>
	<filename>62_jpeg_jpg.rf.ed31c563c14e43c891732a7f6105f353.jpg</filename>
	<path>62_jpeg_jpg.rf.ed31c563c14e43c891732a7f6105f353.jpg</path>
	<source>
		<database>roboflow.com</database>
	</source>
	<size>
		<width>416</width>
		<height>416</height>
		<depth>3</depth>
	</size>
	<segmented>0</segmented>
	<object>
		<name>yellow-card</name>
		<pose>Unspecified</pose>
		<truncated>0</truncated>
		<difficult>0</difficult>
		<occluded>0</occluded>
		<bndbox>
			<xmin>193</xmin>
			<xmax>233</xmax>
			<ymin>29</ymin>
			<ymax>186</ymax>
		</bndbox>
	</object>
</annotation>
