<annotation>
	<folder></folder>
	<filename>62_jpeg_jpg.rf.c5583edec4f5a8840d46e7b16ab673f0.jpg</filename>
	<path>62_jpeg_jpg.rf.c5583edec4f5a8840d46e7b16ab673f0.jpg</path>
	<source>
		<database>roboflow.com</database>
	</source>
	<size>
		<width>416</width>
		<height>416</height>
		<depth>3</depth>
	</size>
	<segmented>0</segmented>
	<object>
		<name>substitution</name>
		<pose>Unspecified</pose>
		<truncated>0</truncated>
		<difficult>0</difficult>
		<occluded>0</occluded>
		<bndbox>
			<xmin>164</xmin>
			<xmax>288</xmax>
			<ymin>83</ymin>
			<ymax>267</ymax>
		</bndbox>
	</object>
</annotation>
