<annotation>
	<folder></folder>
	<filename>63_jpg.rf.f7d957481e95248b1fce15a11b45f173.jpg</filename>
	<path>63_jpg.rf.f7d957481e95248b1fce15a11b45f173.jpg</path>
	<source>
		<database>roboflow.com</database>
	</source>
	<size>
		<width>416</width>
		<height>416</height>
		<depth>3</depth>
	</size>
	<segmented>0</segmented>
	<object>
		<name>red-card</name>
		<pose>Unspecified</pose>
		<truncated>0</truncated>
		<difficult>0</difficult>
		<occluded>0</occluded>
		<bndbox>
			<xmin>120</xmin>
			<xmax>247</xmax>
			<ymin>26</ymin>
			<ymax>416</ymax>
		</bndbox>
	</object>
</annotation>
