<annotation>
	<folder></folder>
	<filename>63_jpeg_jpg.rf.e57972241f910d5e150d5e1d93212b34.jpg</filename>
	<path>63_jpeg_jpg.rf.e57972241f910d5e150d5e1d93212b34.jpg</path>
	<source>
		<database>roboflow.com</database>
	</source>
	<size>
		<width>416</width>
		<height>416</height>
		<depth>3</depth>
	</size>
	<segmented>0</segmented>
	<object>
		<name>substitution</name>
		<pose>Unspecified</pose>
		<truncated>0</truncated>
		<difficult>0</difficult>
		<occluded>0</occluded>
		<bndbox>
			<xmin>95</xmin>
			<xmax>157</xmax>
			<ymin>14</ymin>
			<ymax>101</ymax>
		</bndbox>
	</object>
</annotation>
