<annotation>
	<folder></folder>
	<filename>63_jpg.rf.57b43527329b4aebc2253ee4192b2bf8.jpg</filename>
	<path>63_jpg.rf.57b43527329b4aebc2253ee4192b2bf8.jpg</path>
	<source>
		<database>roboflow.com</database>
	</source>
	<size>
		<width>416</width>
		<height>416</height>
		<depth>3</depth>
	</size>
	<segmented>0</segmented>
	<object>
		<name>corner-kick</name>
		<pose>Unspecified</pose>
		<truncated>0</truncated>
		<difficult>0</difficult>
		<occluded>0</occluded>
		<bndbox>
			<xmin>240</xmin>
			<xmax>417</xmax>
			<ymin>50</ymin>
			<ymax>366</ymax>
		</bndbox>
	</object>
</annotation>
