<annotation>
	<folder></folder>
	<filename>63_jpg.rf.314f6cb9a4b27eb421451eaf011c412d.jpg</filename>
	<path>63_jpg.rf.314f6cb9a4b27eb421451eaf011c412d.jpg</path>
	<source>
		<database>roboflow.com</database>
	</source>
	<size>
		<width>416</width>
		<height>416</height>
		<depth>3</depth>
	</size>
	<segmented>0</segmented>
	<object>
		<name>shooting</name>
		<pose>Unspecified</pose>
		<truncated>0</truncated>
		<difficult>0</difficult>
		<occluded>0</occluded>
		<bndbox>
			<xmin>46</xmin>
			<xmax>293</xmax>
			<ymin>35</ymin>
			<ymax>399</ymax>
		</bndbox>
	</object>
</annotation>
