<annotation>
	<folder></folder>
	<filename>64_jpg.rf.acc0e1867391c8cd5b6d461ed6cf3d87.jpg</filename>
	<path>64_jpg.rf.acc0e1867391c8cd5b6d461ed6cf3d87.jpg</path>
	<source>
		<database>roboflow.com</database>
	</source>
	<size>
		<width>416</width>
		<height>416</height>
		<depth>3</depth>
	</size>
	<segmented>0</segmented>
	<object>
		<name>corner-kick</name>
		<pose>Unspecified</pose>
		<truncated>0</truncated>
		<difficult>0</difficult>
		<occluded>0</occluded>
		<bndbox>
			<xmin>1</xmin>
			<xmax>217</xmax>
			<ymin>228</ymin>
			<ymax>390</ymax>
		</bndbox>
	</object>
</annotation>
