<annotation>
	<folder></folder>
	<filename>64_jpeg_jpg.rf.b14c0c05b16e74674a8919378abcf354.jpg</filename>
	<path>64_jpeg_jpg.rf.b14c0c05b16e74674a8919378abcf354.jpg</path>
	<source>
		<database>roboflow.com</database>
	</source>
	<size>
		<width>416</width>
		<height>416</height>
		<depth>3</depth>
	</size>
	<segmented>0</segmented>
	<object>
		<name>red-card</name>
		<pose>Unspecified</pose>
		<truncated>0</truncated>
		<difficult>0</difficult>
		<occluded>0</occluded>
		<bndbox>
			<xmin>86</xmin>
			<xmax>233</xmax>
			<ymin>4</ymin>
			<ymax>415</ymax>
		</bndbox>
	</object>
</annotation>
