<annotation>
	<folder></folder>
	<filename>64_jpeg_jpg.rf.a9656105ab83ea7b5e35361debb74b92.jpg</filename>
	<path>64_jpeg_jpg.rf.a9656105ab83ea7b5e35361debb74b92.jpg</path>
	<source>
		<database>roboflow.com</database>
	</source>
	<size>
		<width>416</width>
		<height>416</height>
		<depth>3</depth>
	</size>
	<segmented>0</segmented>
	<object>
		<name>yellow-card</name>
		<pose>Unspecified</pose>
		<truncated>0</truncated>
		<difficult>0</difficult>
		<occluded>0</occluded>
		<bndbox>
			<xmin>229</xmin>
			<xmax>287</xmax>
			<ymin>1</ymin>
			<ymax>124</ymax>
		</bndbox>
	</object>
</annotation>
