<annotation>
	<folder></folder>
	<filename>64_jpeg_jpg.rf.0a5d5b53d765e227d606c55f158a0db2.jpg</filename>
	<path>64_jpeg_jpg.rf.0a5d5b53d765e227d606c55f158a0db2.jpg</path>
	<source>
		<database>roboflow.com</database>
	</source>
	<size>
		<width>416</width>
		<height>416</height>
		<depth>3</depth>
	</size>
	<segmented>0</segmented>
	<object>
		<name>substitution</name>
		<pose>Unspecified</pose>
		<truncated>0</truncated>
		<difficult>0</difficult>
		<occluded>0</occluded>
		<bndbox>
			<xmin>214</xmin>
			<xmax>281</xmax>
			<ymin>119</ymin>
			<ymax>194</ymax>
		</bndbox>
	</object>
</annotation>
