<annotation>
	<folder></folder>
	<filename>65_jpeg_jpg.rf.e533d42d5c881e8d342bba6de65b6a12.jpg</filename>
	<path>65_jpeg_jpg.rf.e533d42d5c881e8d342bba6de65b6a12.jpg</path>
	<source>
		<database>roboflow.com</database>
	</source>
	<size>
		<width>416</width>
		<height>416</height>
		<depth>3</depth>
	</size>
	<segmented>0</segmented>
	<object>
		<name>substitution</name>
		<pose>Unspecified</pose>
		<truncated>0</truncated>
		<difficult>0</difficult>
		<occluded>0</occluded>
		<bndbox>
			<xmin>179</xmin>
			<xmax>266</xmax>
			<ymin>71</ymin>
			<ymax>162</ymax>
		</bndbox>
	</object>
</annotation>
