<annotation>
	<folder></folder>
	<filename>65_jpg.rf.b9f3607d35a9474e9125cefa0c9c1f6e.jpg</filename>
	<path>65_jpg.rf.b9f3607d35a9474e9125cefa0c9c1f6e.jpg</path>
	<source>
		<database>roboflow.com</database>
	</source>
	<size>
		<width>416</width>
		<height>416</height>
		<depth>3</depth>
	</size>
	<segmented>0</segmented>
	<object>
		<name>corner-kick</name>
		<pose>Unspecified</pose>
		<truncated>0</truncated>
		<difficult>0</difficult>
		<occluded>0</occluded>
		<bndbox>
			<xmin>21</xmin>
			<xmax>183</xmax>
			<ymin>40</ymin>
			<ymax>221</ymax>
		</bndbox>
	</object>
</annotation>
