<annotation>
	<folder></folder>
	<filename>66_jpg.rf.8f73ec7844b11071f362061a9a0c8706.jpg</filename>
	<path>66_jpg.rf.8f73ec7844b11071f362061a9a0c8706.jpg</path>
	<source>
		<database>roboflow.com</database>
	</source>
	<size>
		<width>416</width>
		<height>416</height>
		<depth>3</depth>
	</size>
	<segmented>0</segmented>
	<object>
		<name>substitution</name>
		<pose>Unspecified</pose>
		<truncated>0</truncated>
		<difficult>0</difficult>
		<occluded>0</occluded>
		<bndbox>
			<xmin>291</xmin>
			<xmax>364</xmax>
			<ymin>13</ymin>
			<ymax>129</ymax>
		</bndbox>
	</object>
</annotation>
