<annotation>
	<folder></folder>
	<filename>66_jpeg_jpg.rf.643874097d6788c6425106cdb484c56c.jpg</filename>
	<path>66_jpeg_jpg.rf.643874097d6788c6425106cdb484c56c.jpg</path>
	<source>
		<database>roboflow.com</database>
	</source>
	<size>
		<width>416</width>
		<height>416</height>
		<depth>3</depth>
	</size>
	<segmented>0</segmented>
	<object>
		<name>yellow-card</name>
		<pose>Unspecified</pose>
		<truncated>0</truncated>
		<difficult>0</difficult>
		<occluded>0</occluded>
		<bndbox>
			<xmin>151</xmin>
			<xmax>256</xmax>
			<ymin>9</ymin>
			<ymax>125</ymax>
		</bndbox>
	</object>
</annotation>
