<annotation>
	<folder></folder>
	<filename>67_jpeg_jpg.rf.cf87b1dc92a852267f76aaac525874ab.jpg</filename>
	<path>67_jpeg_jpg.rf.cf87b1dc92a852267f76aaac525874ab.jpg</path>
	<source>
		<database>roboflow.com</database>
	</source>
	<size>
		<width>416</width>
		<height>416</height>
		<depth>3</depth>
	</size>
	<segmented>0</segmented>
	<object>
		<name>red-card</name>
		<pose>Unspecified</pose>
		<truncated>0</truncated>
		<difficult>0</difficult>
		<occluded>0</occluded>
		<bndbox>
			<xmin>238</xmin>
			<xmax>280</xmax>
			<ymin>18</ymin>
			<ymax>101</ymax>
		</bndbox>
	</object>
</annotation>
