<annotation>
	<folder></folder>
	<filename>67_jpeg_jpg.rf.171b6202855e4c050f23c9a43179ce97.jpg</filename>
	<path>67_jpeg_jpg.rf.171b6202855e4c050f23c9a43179ce97.jpg</path>
	<source>
		<database>roboflow.com</database>
	</source>
	<size>
		<width>416</width>
		<height>416</height>
		<depth>3</depth>
	</size>
	<segmented>0</segmented>
	<object>
		<name>red-card</name>
		<pose>Unspecified</pose>
		<truncated>0</truncated>
		<difficult>0</difficult>
		<occluded>0</occluded>
		<bndbox>
			<xmin>238</xmin>
			<xmax>280</xmax>
			<ymin>18</ymin>
			<ymax>101</ymax>
		</bndbox>
	</object>
</annotation>
