<annotation>
	<folder></folder>
	<filename>67_jpg.rf.a44efa23c54d9eb833ae154be41f9f01.jpg</filename>
	<path>67_jpg.rf.a44efa23c54d9eb833ae154be41f9f01.jpg</path>
	<source>
		<database>roboflow.com</database>
	</source>
	<size>
		<width>416</width>
		<height>416</height>
		<depth>3</depth>
	</size>
	<segmented>0</segmented>
	<object>
		<name>corner-kick</name>
		<pose>Unspecified</pose>
		<truncated>0</truncated>
		<difficult>0</difficult>
		<occluded>0</occluded>
		<bndbox>
			<xmin>232</xmin>
			<xmax>358</xmax>
			<ymin>125</ymin>
			<ymax>415</ymax>
		</bndbox>
	</object>
</annotation>
