<annotation>
	<folder></folder>
	<filename>67_jpg.rf.7060ead293a4cf1afa12c410a0395633.jpg</filename>
	<path>67_jpg.rf.7060ead293a4cf1afa12c410a0395633.jpg</path>
	<source>
		<database>roboflow.com</database>
	</source>
	<size>
		<width>416</width>
		<height>416</height>
		<depth>3</depth>
	</size>
	<segmented>0</segmented>
	<object>
		<name>substitution</name>
		<pose>Unspecified</pose>
		<truncated>0</truncated>
		<difficult>0</difficult>
		<occluded>0</occluded>
		<bndbox>
			<xmin>118</xmin>
			<xmax>234</xmax>
			<ymin>19</ymin>
			<ymax>144</ymax>
		</bndbox>
	</object>
</annotation>
