<annotation>
	<folder></folder>
	<filename>68_jpg.rf.aeec3f8433cf8272a3b7485eff9bdd6f.jpg</filename>
	<path>68_jpg.rf.aeec3f8433cf8272a3b7485eff9bdd6f.jpg</path>
	<source>
		<database>roboflow.com</database>
	</source>
	<size>
		<width>416</width>
		<height>416</height>
		<depth>3</depth>
	</size>
	<segmented>0</segmented>
	<object>
		<name>corner-kick</name>
		<pose>Unspecified</pose>
		<truncated>0</truncated>
		<difficult>0</difficult>
		<occluded>0</occluded>
		<bndbox>
			<xmin>127</xmin>
			<xmax>284</xmax>
			<ymin>96</ymin>
			<ymax>416</ymax>
		</bndbox>
	</object>
</annotation>
