<annotation>
	<folder></folder>
	<filename>68_jpg.rf.c364543e133f27d935d186ed5d621895.jpg</filename>
	<path>68_jpg.rf.c364543e133f27d935d186ed5d621895.jpg</path>
	<source>
		<database>roboflow.com</database>
	</source>
	<size>
		<width>416</width>
		<height>416</height>
		<depth>3</depth>
	</size>
	<segmented>0</segmented>
	<object>
		<name>substitution</name>
		<pose>Unspecified</pose>
		<truncated>0</truncated>
		<difficult>0</difficult>
		<occluded>0</occluded>
		<bndbox>
			<xmin>117</xmin>
			<xmax>199</xmax>
			<ymin>60</ymin>
			<ymax>155</ymax>
		</bndbox>
	</object>
</annotation>
