<annotation>
	<folder></folder>
	<filename>68_jpeg_jpg.rf.9ab8a344638e3567da5cc72ac9ac55eb.jpg</filename>
	<path>68_jpeg_jpg.rf.9ab8a344638e3567da5cc72ac9ac55eb.jpg</path>
	<source>
		<database>roboflow.com</database>
	</source>
	<size>
		<width>416</width>
		<height>416</height>
		<depth>3</depth>
	</size>
	<segmented>0</segmented>
	<object>
		<name>yellow-card</name>
		<pose>Unspecified</pose>
		<truncated>0</truncated>
		<difficult>0</difficult>
		<occluded>0</occluded>
		<bndbox>
			<xmin>129</xmin>
			<xmax>153</xmax>
			<ymin>41</ymin>
			<ymax>130</ymax>
		</bndbox>
	</object>
</annotation>
