<annotation>
	<folder></folder>
	<filename>68_jpg.rf.630aa6bd39d1999c4f194b2342fa1bc7.jpg</filename>
	<path>68_jpg.rf.630aa6bd39d1999c4f194b2342fa1bc7.jpg</path>
	<source>
		<database>roboflow.com</database>
	</source>
	<size>
		<width>416</width>
		<height>416</height>
		<depth>3</depth>
	</size>
	<segmented>0</segmented>
	<object>
		<name>corner-kick</name>
		<pose>Unspecified</pose>
		<truncated>0</truncated>
		<difficult>0</difficult>
		<occluded>0</occluded>
		<bndbox>
			<xmin>127</xmin>
			<xmax>284</xmax>
			<ymin>96</ymin>
			<ymax>416</ymax>
		</bndbox>
	</object>
</annotation>
