<annotation>
	<folder></folder>
	<filename>69_jpeg_jpg.rf.f14db99abed4461fd30929284154e643.jpg</filename>
	<path>69_jpeg_jpg.rf.f14db99abed4461fd30929284154e643.jpg</path>
	<source>
		<database>roboflow.com</database>
	</source>
	<size>
		<width>416</width>
		<height>416</height>
		<depth>3</depth>
	</size>
	<segmented>0</segmented>
	<object>
		<name>red-card</name>
		<pose>Unspecified</pose>
		<truncated>0</truncated>
		<difficult>0</difficult>
		<occluded>0</occluded>
		<bndbox>
			<xmin>143</xmin>
			<xmax>184</xmax>
			<ymin>58</ymin>
			<ymax>208</ymax>
		</bndbox>
	</object>
</annotation>
