<annotation>
	<folder></folder>
	<filename>69_jpg.rf.407642a216cce1624a0093253aa15ce6.jpg</filename>
	<path>69_jpg.rf.407642a216cce1624a0093253aa15ce6.jpg</path>
	<source>
		<database>roboflow.com</database>
	</source>
	<size>
		<width>416</width>
		<height>416</height>
		<depth>3</depth>
	</size>
	<segmented>0</segmented>
	<object>
		<name>substitution</name>
		<pose>Unspecified</pose>
		<truncated>0</truncated>
		<difficult>0</difficult>
		<occluded>0</occluded>
		<bndbox>
			<xmin>162</xmin>
			<xmax>293</xmax>
			<ymin>69</ymin>
			<ymax>166</ymax>
		</bndbox>
	</object>
</annotation>
