<annotation>
	<folder></folder>
	<filename>69_jpeg_jpg.rf.19045ddcba5a910f4646c4261f63023d.jpg</filename>
	<path>69_jpeg_jpg.rf.19045ddcba5a910f4646c4261f63023d.jpg</path>
	<source>
		<database>roboflow.com</database>
	</source>
	<size>
		<width>416</width>
		<height>416</height>
		<depth>3</depth>
	</size>
	<segmented>0</segmented>
	<object>
		<name>yellow-card</name>
		<pose>Unspecified</pose>
		<truncated>0</truncated>
		<difficult>0</difficult>
		<occluded>0</occluded>
		<bndbox>
			<xmin>118</xmin>
			<xmax>317</xmax>
			<ymin>63</ymin>
			<ymax>413</ymax>
		</bndbox>
	</object>
</annotation>
