<annotation>
	<folder></folder>
	<filename>69_jpg.rf.28259403f69cd75adf5938a566744032.jpg</filename>
	<path>69_jpg.rf.28259403f69cd75adf5938a566744032.jpg</path>
	<source>
		<database>roboflow.com</database>
	</source>
	<size>
		<width>416</width>
		<height>416</height>
		<depth>3</depth>
	</size>
	<segmented>0</segmented>
	<object>
		<name>corner-kick</name>
		<pose>Unspecified</pose>
		<truncated>0</truncated>
		<difficult>0</difficult>
		<occluded>0</occluded>
		<bndbox>
			<xmin>185</xmin>
			<xmax>254</xmax>
			<ymin>199</ymin>
			<ymax>333</ymax>
		</bndbox>
	</object>
</annotation>
