<annotation>
	<folder></folder>
	<filename>6_jpg.rf.29bd401e3277165cb3a7f03a43c06e4d.jpg</filename>
	<path>6_jpg.rf.29bd401e3277165cb3a7f03a43c06e4d.jpg</path>
	<source>
		<database>roboflow.com</database>
	</source>
	<size>
		<width>416</width>
		<height>416</height>
		<depth>3</depth>
	</size>
	<segmented>0</segmented>
	<object>
		<name>red-card</name>
		<pose>Unspecified</pose>
		<truncated>0</truncated>
		<difficult>0</difficult>
		<occluded>0</occluded>
		<bndbox>
			<xmin>195</xmin>
			<xmax>246</xmax>
			<ymin>17</ymin>
			<ymax>156</ymax>
		</bndbox>
	</object>
</annotation>
