<annotation>
	<folder></folder>
	<filename>6_jpg.rf.14fdb97abed8000919bf73a7dd3e6370.jpg</filename>
	<path>6_jpg.rf.14fdb97abed8000919bf73a7dd3e6370.jpg</path>
	<source>
		<database>roboflow.com</database>
	</source>
	<size>
		<width>416</width>
		<height>416</height>
		<depth>3</depth>
	</size>
	<segmented>0</segmented>
	<object>
		<name>yellow-card</name>
		<pose>Unspecified</pose>
		<truncated>0</truncated>
		<difficult>0</difficult>
		<occluded>0</occluded>
		<bndbox>
			<xmin>233</xmin>
			<xmax>274</xmax>
			<ymin>6</ymin>
			<ymax>120</ymax>
		</bndbox>
	</object>
</annotation>
